team,wins,losses
2020 Milwaukee Bucks,53,12
2020 Los Angeles Lakers,49,14
2020 Toronto Raptors,46,18
2020 Los Angeles Clippers,44,20
2020 Boston Celtics,43,21
2020 Denver Nuggets,43,22
2020 Miami Heat,41,24
2020 Utah Jazz,41,23
2020 Houston Rockets,40,24
2020 Oklahoma City Thunder,40,24
2020 Dallas Mavericks,40,27
2020 Indiana Pacers,39,26
2020 Philadelphia 76ers,39,26
2020 Memphis Grizzlies,32,33
2020 Brooklyn Nets,30,34
2020 Orlando Magic,30,35
2020 Portland Trail Blazers,29,37
2020 New Orleans Pelicans,28,36
2020 Sacramento Kings,28,36
2020 San Antonio Spurs,27,36
2020 Phoenix Suns,26,39
2020 Washington Wizards,24,40
2020 Charlotte Hornets,23,42
2020 Chicago Bulls,22,43
2020 New York Knicks,21,45
2020 Atlanta Hawks,20,47
2020 Detroit Pistons,20,46
2020 Cleveland Cavaliers,19,46
2020 Minnesota Timberwolves,19,45
2020 Golden State Warriors,15,50
2019 Milwaukee Bucks,60,22
2019 Toronto Raptors,58,24
2019 Golden State Warriors,57,25
2019 Denver Nuggets,54,28
2019 Houston Rockets,53,29
2019 Portland Trail Blazers,53,29
2019 Philadelphia 76ers,51,31
2019 Utah Jazz,50,32
2019 Boston Celtics,49,33
2019 Oklahoma City Thunder,49,33
2019 Indiana Pacers,48,34
2019 Los Angeles Clippers,48,34
2019 San Antonio Spurs,48,34
2019 Brooklyn Nets,42,40
2019 Orlando Magic,42,40
2019 Detroit Pistons,41,41
2019 Charlotte Hornets,39,43
2019 Miami Heat,39,43
2019 Sacramento Kings,39,43
2019 Los Angeles Lakers,37,45
2019 Minnesota Timberwolves,36,46
2019 Dallas Mavericks,33,49
2019 Memphis Grizzlies,33,49
2019 New Orleans Pelicans,33,49
2019 Washington Wizards,32,50
2019 Atlanta Hawks,29,53
2019 Chicago Bulls,22,60
2019 Cleveland Cavaliers,19,63
2019 Phoenix Suns,19,63
2019 New York Knicks,17,65
2018 Houston Rockets,65,17
2018 Toronto Raptors,59,23
2018 Golden State Warriors,58,24
2018 Boston Celtics,55,27
2018 Philadelphia 76ers,52,30
2018 Cleveland Cavaliers,50,32
2018 Portland Trail Blazers,49,33
2018 Indiana Pacers,48,34
2018 New Orleans Pelicans,48,34
2018 Oklahoma City Thunder,48,34
2018 Utah Jazz,48,34
2018 Minnesota Timberwolves,47,35
2018 San Antonio Spurs,47,35
2018 Denver Nuggets,46,36
2018 Miami Heat,44,38
2018 Milwaukee Bucks,44,38
2018 Washington Wizards,43,39
2018 Los Angeles Clippers,42,40
2018 Detroit Pistons,39,43
2018 Charlotte Hornets,36,46
2018 Los Angeles Lakers,35,47
2018 New York Knicks,29,53
2018 Brooklyn Nets,28,54
2018 Chicago Bulls,27,55
2018 Sacramento Kings,27,55
2018 Orlando Magic,25,57
2018 Atlanta Hawks,24,58
2018 Dallas Mavericks,24,58
2018 Memphis Grizzlies,22,60
2018 Phoenix Suns,21,61
2017 Golden State Warriors,67,15
2017 San Antonio Spurs,61,21
2017 Houston Rockets,55,27
2017 Boston Celtics,53,29
2017 Cleveland Cavaliers,51,31
2017 Los Angeles Clippers,51,31
2017 Toronto Raptors,51,31
2017 Utah Jazz,51,31
2017 Washington Wizards,49,33
2017 Oklahoma City Thunder,47,35
2017 Atlanta Hawks,43,39
2017 Memphis Grizzlies,43,39
2017 Indiana Pacers,42,40
2017 Milwaukee Bucks,42,40
2017 Chicago Bulls,41,41
2017 Portland Trail Blazers,41,41
2017 Miami Heat,41,41
2017 Denver Nuggets,40,42
2017 Detroit Pistons,37,45
2017 Charlotte Hornets,36,46
2017 New Orleans Pelicans,34,48
2017 Dallas Mavericks,33,49
2017 Sacramento Kings,32,50
2017 Minnesota Timberwolves,31,51
2017 New York Knicks,31,51
2017 Orlando Magic,29,53
2017 Philadelphia 76ers,28,54
2017 Los Angeles Lakers,26,56
2017 Phoenix Suns,24,58
2017 Brooklyn Nets,20,62
2016 Golden State Warriors,73,9
2016 San Antonio Spurs,67,15
2016 Cleveland Cavaliers,57,25
2016 Toronto Raptors,56,26
2016 Oklahoma City Thunder,55,27
2016 Los Angeles Clippers,53,29
2016 Atlanta Hawks,48,34
2016 Boston Celtics,48,34
2016 Charlotte Hornets,48,34
2016 Miami Heat,48,34
2016 Indiana Pacers,45,37
2016 Detroit Pistons,44,38
2016 Portland Trail Blazers,44,38
2016 Dallas Mavericks,42,40
2016 Memphis Grizzlies,42,40
2016 Chicago Bulls,42,40
2016 Houston Rockets,41,41
2016 Washington Wizards,41,41
2016 Utah Jazz,40,42
2016 Orlando Magic,35,47
2016 Denver Nuggets,33,49
2016 Milwaukee Bucks,33,49
2016 Sacramento Kings,33,49
2016 New York Knicks,32,50
2016 New Orleans Pelicans,30,52
2016 Minnesota Timberwolves,29,53
2016 Phoenix Suns,23,59
2016 Brooklyn Nets,21,61
2016 Los Angeles Lakers,17,65
2016 Philadelphia 76ers,10,72
2015 Golden State Warriors,67,15
2015 Atlanta Hawks,60,22
2015 Houston Rockets,56,26
2015 Los Angeles Clippers,56,26
2015 Memphis Grizzlies,55,27
2015 San Antonio Spurs,55,27
2015 Cleveland Cavaliers,53,29
2015 Portland Trail Blazers,51,31
2015 Chicago Bulls,50,32
2015 Dallas Mavericks,50,32
2015 Toronto Raptors,49,33
2015 Washington Wizards,46,36
2015 New Orleans Pelicans,45,37
2015 Oklahoma City Thunder,45,37
2015 Milwaukee Bucks,41,41
2015 Boston Celtics,40,42
2015 Phoenix Suns,39,43
2015 Brooklyn Nets,38,44
2015 Indiana Pacers,38,44
2015 Utah Jazz,38,44
2015 Miami Heat,37,45
2015 Charlotte Hornets,33,49
2015 Detroit Pistons,32,50
2015 Denver Nuggets,30,52
2015 Sacramento Kings,29,53
2015 Orlando Magic,25,57
2015 Los Angeles Lakers,21,61
2015 Philadelphia 76ers,18,64
2015 New York Knicks,17,65
2015 Minnesota Timberwolves,16,66
2014 San Antonio Spurs,62,20
2014 Oklahoma City Thunder,59,23
2014 Los Angeles Clippers,57,25
2014 Indiana Pacers,56,26
2014 Houston Rockets,54,28
2014 Miami Heat,54,28
2014 Portland Trail Blazers,54,28
2014 Golden State Warriors,51,31
2014 Memphis Grizzlies,50,32
2014 Dallas Mavericks,49,33
2014 Chicago Bulls,48,34
2014 Toronto Raptors,48,34
2014 Phoenix Suns,48,34
2014 Brooklyn Nets,44,38
2014 Washington Wizards,44,38
2014 Charlotte Bobcats,43,39
2014 Minnesota Timberwolves,40,42
2014 Atlanta Hawks,38,44
2014 New York Knicks,37,45
2014 Denver Nuggets,36,46
2014 New Orleans Pelicans,34,48
2014 Cleveland Cavaliers,33,49
2014 Detroit Pistons,29,53
2014 Sacramento Kings,28,54
2014 Los Angeles Lakers,27,55
2014 Boston Celtics,25,57
2014 Utah Jazz,25,57
2014 Orlando Magic,23,59
2014 Philadelphia 76ers,19,63
2014 Milwaukee Bucks,15,67
2013 Miami Heat,66,16
2013 Oklahoma City Thunder,60,22
2013 San Antonio Spurs,58,24
2013 Denver Nuggets,57,25
2013 Los Angeles Clippers,56,26
2013 Memphis Grizzlies,56,26
2013 New York Knicks,54,28
2013 Brooklyn Nets,49,33
2013 Indiana Pacers,49,32
2013 Golden State Warriors,47,35
2013 Chicago Bulls,45,37
2013 Houston Rockets,45,37
2013 Los Angeles Lakers,45,37
2013 Atlanta Hawks,44,38
2013 Utah Jazz,43,39
2013 Boston Celtics,41,40
2013 Dallas Mavericks,41,41
2013 Milwaukee Bucks,38,44
2013 Philadelphia 76ers,34,48
2013 Toronto Raptors,34,48
2013 Portland Trail Blazers,33,49
2013 Minnesota Timberwolves,31,51
2013 Detroit Pistons,29,53
2013 Washington Wizards,29,53
2013 Sacramento Kings,28,54
2013 New Orleans Hornets,27,55
2013 Phoenix Suns,25,57
2013 Cleveland Cavaliers,24,58
2013 Charlotte Bobcats,21,61
2013 Orlando Magic,20,62
2012 Chicago Bulls,50,16
2012 San Antonio Spurs,50,16
2012 Oklahoma City Thunder,47,19
2012 Miami Heat,46,20
2012 Indiana Pacers,42,24
2012 Los Angeles Lakers,41,25
2012 Memphis Grizzlies,41,25
2012 Atlanta Hawks,40,26
2012 Los Angeles Clippers,40,26
2012 Boston Celtics,39,27
2012 Denver Nuggets,38,28
2012 Orlando Magic,37,29
2012 Dallas Mavericks,36,30
2012 New York Knicks,36,30
2012 Utah Jazz,36,30
2012 Philadelphia 76ers,35,31
2012 Houston Rockets,34,32
2012 Phoenix Suns,33,33
2012 Milwaukee Bucks,31,35
2012 Portland Trail Blazers,28,38
2012 Minnesota Timberwolves,26,40
2012 Detroit Pistons,25,41
2012 Golden State Warriors,23,43
2012 Toronto Raptors,23,43
2012 New Jersey Nets,22,44
2012 Sacramento Kings,22,44
2012 Cleveland Cavaliers,21,45
2012 New Orleans Hornets,21,45
2012 Washington Wizards,20,46
2012 Charlotte Bobcats,7,59
2011 Chicago Bulls,62,20
2011 San Antonio Spurs,61,21
2011 Miami Heat,58,24
2011 Dallas Mavericks,57,25
2011 Los Angeles Lakers,57,25
2011 Boston Celtics,56,26
2011 Oklahoma City Thunder,55,27
2011 Orlando Magic,52,30
2011 Denver Nuggets,50,32
2011 Portland Trail Blazers,48,34
2011 Memphis Grizzlies,46,36
2011 New Orleans Hornets,46,36
2011 Atlanta Hawks,44,38
2011 Houston Rockets,43,39
2011 New York Knicks,42,40
2011 Philadelphia 76ers,41,41
2011 Phoenix Suns,40,42
2011 Utah Jazz,39,43
2011 Indiana Pacers,37,45
2011 Golden State Warriors,36,46
2011 Milwaukee Bucks,35,47
2011 Charlotte Bobcats,34,48
2011 Los Angeles Clippers,32,50
2011 Detroit Pistons,30,52
2011 New Jersey Nets,24,58
2011 Sacramento Kings,24,58
2011 Washington Wizards,23,59
2011 Toronto Raptors,22,60
2011 Cleveland Cavaliers,19,63
2011 Minnesota Timberwolves,17,65
2010 Cleveland Cavaliers,61,21
2010 Orlando Magic,59,23
2010 Los Angeles Lakers,57,25
2010 Dallas Mavericks,55,27
2010 Phoenix Suns,54,28
2010 Atlanta Hawks,53,29
2010 Denver Nuggets,53,29
2010 Utah Jazz,53,29
2010 Boston Celtics,50,32
2010 Oklahoma City Thunder,50,32
2010 Portland Trail Blazers,50,32
2010 San Antonio Spurs,50,32
2010 Miami Heat,47,35
2010 Milwaukee Bucks,46,36
2010 Charlotte Bobcats,44,38
2010 Houston Rockets,42,40
2010 Chicago Bulls,41,41
2010 Memphis Grizzlies,40,42
2010 Toronto Raptors,40,42
2010 New Orleans Hornets,37,45
2010 Indiana Pacers,32,50
2010 Los Angeles Clippers,29,53
2010 New York Knicks,29,53
2010 Detroit Pistons,27,55
2010 Philadelphia 76ers,27,55
2010 Golden State Warriors,26,56
2010 Washington Wizards,26,56
2010 Sacramento Kings,25,57
2010 Minnesota Timberwolves,15,67
2010 New Jersey Nets,12,70
2009 Cleveland Cavaliers,66,16
2009 Los Angeles Lakers,65,17
2009 Boston Celtics,62,20
2009 Orlando Magic,59,23
2009 Denver Nuggets,54,28
2009 Portland Trail Blazers,54,28
2009 San Antonio Spurs,54,28
2009 Houston Rockets,53,29
2009 Dallas Mavericks,50,32
2009 New Orleans Hornets,49,33
2009 Utah Jazz,48,34
2009 Atlanta Hawks,47,35
2009 Phoenix Suns,46,36
2009 Miami Heat,43,39
2009 Chicago Bulls,41,41
2009 Philadelphia 76ers,41,41
2009 Detroit Pistons,39,43
2009 Indiana Pacers,36,46
2009 Charlotte Bobcats,35,47
2009 Milwaukee Bucks,34,48
2009 New Jersey Nets,34,48
2009 Toronto Raptors,33,49
2009 New York Knicks,32,50
2009 Golden State Warriors,29,53
2009 Memphis Grizzlies,24,58
2009 Minnesota Timberwolves,24,58
2009 Oklahoma City Thunder,23,59
2009 Los Angeles Clippers,19,63
2009 Washington Wizards,19,63
2009 Sacramento Kings,17,65
2008 Boston Celtics,66,16
2008 Detroit Pistons,59,23
2008 Los Angeles Lakers,57,25
2008 New Orleans Hornets,56,26
2008 San Antonio Spurs,56,26
2008 Houston Rockets,55,27
2008 Phoenix Suns,55,27
2008 Utah Jazz,54,28
2008 Orlando Magic,52,30
2008 Dallas Mavericks,51,31
2008 Denver Nuggets,50,32
2008 Golden State Warriors,48,34
2008 Cleveland Cavaliers,45,37
2008 Washington Wizards,43,39
2008 Toronto Raptors,41,41
2008 Portland Trail Blazers,41,41
2008 Philadelphia 76ers,40,42
2008 Sacramento Kings,38,44
2008 Atlanta Hawks,37,45
2008 Indiana Pacers,36,46
2008 New Jersey Nets,34,48
2008 Chicago Bulls,33,49
2008 Charlotte Bobcats,32,50
2008 Milwaukee Bucks,26,56
2008 Los Angeles Clippers,23,59
2008 New York Knicks,23,59
2008 Memphis Grizzlies,22,60
2008 Minnesota Timberwolves,22,60
2008 Seattle SuperSonics,20,62
2008 Miami Heat,15,67
2007 Dallas Mavericks,67,15
2007 Phoenix Suns,61,21
2007 San Antonio Spurs,58,24
2007 Detroit Pistons,53,29
2007 Houston Rockets,52,30
2007 Utah Jazz,51,31
2007 Cleveland Cavaliers,50,32
2007 Chicago Bulls,49,33
2007 Toronto Raptors,47,35
2007 Denver Nuggets,45,37
2007 Miami Heat,44,38
2007 Golden State Warriors,42,40
2007 Los Angeles Lakers,42,40
2007 New Jersey Nets,41,41
2007 Washington Wizards,41,41
2007 Orlando Magic,40,42
2007 Los Angeles Clippers,40,42
2007 New Orleans/Oklahoma City Hornets,39,43
2007 Indiana Pacers,35,47
2007 Philadelphia 76ers,35,47
2007 Charlotte Bobcats,33,49
2007 New York Knicks,33,49
2007 Sacramento Kings,33,49
2007 Minnesota Timberwolves,32,50
2007 Portland Trail Blazers,32,50
2007 Seattle SuperSonics,31,51
2007 Atlanta Hawks,30,52
2007 Milwaukee Bucks,28,54
2007 Boston Celtics,24,58
2007 Memphis Grizzlies,22,60
2006 Detroit Pistons,64,18
2006 San Antonio Spurs,63,19
2006 Dallas Mavericks,60,22
2006 Phoenix Suns,54,28
2006 Miami Heat,52,30
2006 Cleveland Cavaliers,50,32
2006 Memphis Grizzlies,49,33
2006 New Jersey Nets,49,33
2006 Los Angeles Clippers,47,35
2006 Los Angeles Lakers,45,37
2006 Denver Nuggets,44,38
2006 Sacramento Kings,44,38
2006 Washington Wizards,42,40
2006 Chicago Bulls,41,41
2006 Indiana Pacers,41,41
2006 Utah Jazz,41,41
2006 Milwaukee Bucks,40,42
2006 New Orleans/Oklahoma City Hornets,38,44
2006 Philadelphia 76ers,38,44
2006 Orlando Magic,36,46
2006 Seattle SuperSonics,35,47
2006 Golden State Warriors,34,48
2006 Houston Rockets,34,48
2006 Boston Celtics,33,49
2006 Minnesota Timberwolves,33,49
2006 Toronto Raptors,27,55
2006 Atlanta Hawks,26,56
2006 Charlotte Bobcats,26,56
2006 New York Knicks,23,59
2006 Portland Trail Blazers,21,61
2005 Phoenix Suns,62,20
2005 Miami Heat,59,23
2005 San Antonio Spurs,59,23
2005 Dallas Mavericks,58,24
2005 Detroit Pistons,54,28
2005 Seattle SuperSonics,52,30
2005 Houston Rockets,51,31
2005 Sacramento Kings,50,32
2005 Denver Nuggets,49,33
2005 Chicago Bulls,47,35
2005 Boston Celtics,45,37
2005 Memphis Grizzlies,45,37
2005 Washington Wizards,45,37
2005 Indiana Pacers,44,38
2005 Minnesota Timberwolves,44,38
2005 Philadelphia 76ers,43,39
2005 New Jersey Nets,42,40
2005 Cleveland Cavaliers,42,40
2005 Los Angeles Clippers,37,45
2005 Orlando Magic,36,46
2005 Golden State Warriors,34,48
2005 Los Angeles Lakers,34,48
2005 New York Knicks,33,49
2005 Toronto Raptors,33,49
2005 Milwaukee Bucks,30,52
2005 Portland Trail Blazers,27,55
2005 Utah Jazz,26,56
2005 Charlotte Bobcats,18,64
2005 New Orleans Hornets,18,64
2005 Atlanta Hawks,13,69
2004 Indiana Pacers,61,21
2004 Minnesota Timberwolves,58,24
2004 San Antonio Spurs,57,25
2004 Los Angeles Lakers,56,26
2004 Sacramento Kings,55,27
2004 Detroit Pistons,54,28
2004 Dallas Mavericks,52,30
2004 Memphis Grizzlies,50,32
2004 New Jersey Nets,47,35
2004 Houston Rockets,45,37
2004 Denver Nuggets,43,39
2004 Miami Heat,42,40
2004 Utah Jazz,42,40
2004 Milwaukee Bucks,41,41
2004 New Orleans Hornets,41,41
2004 Portland Trail Blazers,41,41
2004 New York Knicks,39,43
2004 Golden State Warriors,37,45
2004 Seattle SuperSonics,37,45
2004 Boston Celtics,36,46
2004 Cleveland Cavaliers,35,47
2004 Philadelphia 76ers,33,49
2004 Toronto Raptors,33,49
2004 Phoenix Suns,29,53
2004 Atlanta Hawks,28,54
2004 Los Angeles Clippers,28,54
2004 Washington Wizards,25,57
2004 Chicago Bulls,23,59
2004 Orlando Magic,21,61
2003 Dallas Mavericks,60,22
2003 San Antonio Spurs,60,22
2003 Sacramento Kings,59,23
2003 Minnesota Timberwolves,51,31
2003 Detroit Pistons,50,32
2003 Los Angeles Lakers,50,32
2003 Portland Trail Blazers,50,32
2003 New Jersey Nets,49,33
2003 Indiana Pacers,48,34
2003 Philadelphia 76ers,48,34
2003 New Orleans Hornets,47,35
2003 Utah Jazz,47,35
2003 Boston Celtics,44,38
2003 Phoenix Suns,44,38
2003 Houston Rockets,43,39
2003 Milwaukee Bucks,42,40
2003 Orlando Magic,42,40
2003 Seattle SuperSonics,40,42
2003 Golden State Warriors,38,44
2003 New York Knicks,37,45
2003 Washington Wizards,37,45
2003 Atlanta Hawks,35,47
2003 Chicago Bulls,30,52
2003 Memphis Grizzlies,28,54
2003 Los Angeles Clippers,27,55
2003 Miami Heat,25,57
2003 Toronto Raptors,24,58
2003 Cleveland Cavaliers,17,65
2003 Denver Nuggets,17,65
2002 Sacramento Kings,61,21
2002 Los Angeles Lakers,58,24
2002 San Antonio Spurs,58,24
2002 Dallas Mavericks,57,25
2002 New Jersey Nets,52,30
2002 Detroit Pistons,50,32
2002 Minnesota Timberwolves,50,32
2002 Boston Celtics,49,33
2002 Portland Trail Blazers,49,33
2002 Seattle SuperSonics,45,37
2002 Charlotte Hornets,44,38
2002 Orlando Magic,44,38
2002 Utah Jazz,44,38
2002 Philadelphia 76ers,43,39
2002 Indiana Pacers,42,40
2002 Toronto Raptors,42,40
2002 Milwaukee Bucks,41,41
2002 Los Angeles Clippers,39,43
2002 Washington Wizards,37,45
2002 Miami Heat,36,46
2002 Phoenix Suns,36,46
2002 Atlanta Hawks,33,49
2002 New York Knicks,30,52
2002 Cleveland Cavaliers,29,53
2002 Houston Rockets,28,54
2002 Denver Nuggets,27,55
2002 Memphis Grizzlies,23,59
2002 Chicago Bulls,21,61
2002 Golden State Warriors,21,61
2001 San Antonio Spurs,58,24
2001 Los Angeles Lakers,56,26
2001 Philadelphia 76ers,56,26
2001 Sacramento Kings,55,27
2001 Dallas Mavericks,53,29
2001 Utah Jazz,53,29
2001 Milwaukee Bucks,52,30
2001 Phoenix Suns,51,31
2001 Miami Heat,50,32
2001 Portland Trail Blazers,50,32
2001 New York Knicks,48,34
2001 Minnesota Timberwolves,47,35
2001 Toronto Raptors,47,35
2001 Charlotte Hornets,46,36
2001 Houston Rockets,45,37
2001 Seattle SuperSonics,44,38
2001 Orlando Magic,43,39
2001 Indiana Pacers,41,41
2001 Denver Nuggets,40,42
2001 Boston Celtics,36,46
2001 Detroit Pistons,32,50
2001 Los Angeles Clippers,31,51
2001 Cleveland Cavaliers,30,52
2001 New Jersey Nets,26,56
2001 Atlanta Hawks,25,57
2001 Vancouver Grizzlies,23,59
2001 Washington Wizards,19,63
2001 Golden State Warriors,17,65
2001 Chicago Bulls,15,67
1900 Los Angeles Lakers,67,15
1900 Portland Trail Blazers,59,23
1900 Indiana Pacers,56,26
1900 Utah Jazz,55,27
1900 Phoenix Suns,53,29
1900 San Antonio Spurs,53,29
1900 Miami Heat,52,30
1900 Minnesota Timberwolves,50,32
1900 New York Knicks,50,32
1900 Charlotte Hornets,49,33
1900 Philadelphia 76ers,49,33
1900 Seattle SuperSonics,45,37
1900 Toronto Raptors,45,37
1900 Sacramento Kings,44,38
1900 Detroit Pistons,42,40
1900 Milwaukee Bucks,42,40
1900 Orlando Magic,41,41
1900 Dallas Mavericks,40,42
1900 Boston Celtics,35,47
1900 Denver Nuggets,35,47
1900 Houston Rockets,34,48
1900 Cleveland Cavaliers,32,50
1900 New Jersey Nets,31,51
1900 Washington Wizards,29,53
1900 Atlanta Hawks,28,54
1900 Vancouver Grizzlies,22,60
1900 Golden State Warriors,19,63
1900 Chicago Bulls,17,65
1900 Los Angeles Clippers,15,67
1999 San Antonio Spurs,37,13
1999 Utah Jazz,37,13
1999 Portland Trail Blazers,35,15
1999 Indiana Pacers,33,17
1999 Miami Heat,33,17
1999 Orlando Magic,33,17
1999 Atlanta Hawks,31,19
1999 Houston Rockets,31,19
1999 Los Angeles Lakers,31,19
1999 Detroit Pistons,29,21
1999 Milwaukee Bucks,28,22
1999 Philadelphia 76ers,28,22
1999 New York Knicks,27,23
1999 Phoenix Suns,27,23
1999 Sacramento Kings,27,23
1999 Charlotte Hornets,26,24
1999 Minnesota Timberwolves,25,25
1999 Seattle SuperSonics,25,25
1999 Toronto Raptors,23,27
1999 Cleveland Cavaliers,22,28
1999 Golden State Warriors,21,29
1999 Boston Celtics,19,31
1999 Dallas Mavericks,19,31
1999 Washington Wizards,18,32
1999 New Jersey Nets,16,34
1999 Denver Nuggets,14,36
1999 Chicago Bulls,13,37
1999 Los Angeles Clippers,9,41
1999 Vancouver Grizzlies,8,42
1998 Chicago Bulls,62,20
1998 Utah Jazz,62,20
1998 Los Angeles Lakers,61,21
1998 Seattle SuperSonics,61,21
1998 Indiana Pacers,58,24
1998 Phoenix Suns,56,26
1998 San Antonio Spurs,56,26
1998 Miami Heat,55,27
1998 Charlotte Hornets,51,31
1998 Atlanta Hawks,50,32
1998 Cleveland Cavaliers,47,35
1998 Portland Trail Blazers,46,36
1998 Minnesota Timberwolves,45,37
1998 New Jersey Nets,43,39
1998 New York Knicks,43,39
1998 Washington Wizards,42,40
1998 Houston Rockets,41,41
1998 Orlando Magic,41,41
1998 Detroit Pistons,37,45
1998 Boston Celtics,36,46
1998 Milwaukee Bucks,36,46
1998 Philadelphia 76ers,31,51
1998 Sacramento Kings,27,55
1998 Dallas Mavericks,20,62
1998 Golden State Warriors,19,63
1998 Vancouver Grizzlies,19,63
1998 Los Angeles Clippers,17,65
1998 Toronto Raptors,16,66
1998 Denver Nuggets,11,71
1997 Chicago Bulls,69,13
1997 Utah Jazz,64,18
1997 Miami Heat,61,21
1997 Houston Rockets,57,25
1997 New York Knicks,57,25
1997 Seattle SuperSonics,57,25
1997 Atlanta Hawks,56,26
1997 Los Angeles Lakers,56,26
1997 Charlotte Hornets,54,28
1997 Detroit Pistons,54,28
1997 Portland Trail Blazers,49,33
1997 Orlando Magic,45,37
1997 Washington Bullets,44,38
1997 Cleveland Cavaliers,42,40
1997 Minnesota Timberwolves,40,42
1997 Phoenix Suns,40,42
1997 Indiana Pacers,39,43
1997 Los Angeles Clippers,36,46
1997 Sacramento Kings,34,48
1997 Milwaukee Bucks,33,49
1997 Golden State Warriors,30,52
1997 Toronto Raptors,30,52
1997 New Jersey Nets,26,56
1997 Dallas Mavericks,24,58
1997 Philadelphia 76ers,22,60
1997 Denver Nuggets,21,61
1997 San Antonio Spurs,20,62
1997 Boston Celtics,15,67
1997 Vancouver Grizzlies,14,68
1996 Chicago Bulls,72,10
1996 Seattle SuperSonics,64,18
1996 Orlando Magic,60,22
1996 San Antonio Spurs,59,23
1996 Utah Jazz,55,27
1996 Los Angeles Lakers,53,29
1996 Indiana Pacers,52,30
1996 Houston Rockets,48,34
1996 Cleveland Cavaliers,47,35
1996 New York Knicks,47,35
1996 Atlanta Hawks,46,36
1996 Detroit Pistons,46,36
1996 Portland Trail Blazers,44,38
1996 Miami Heat,42,40
1996 Phoenix Suns,41,41
1996 Charlotte Hornets,41,41
1996 Sacramento Kings,39,43
1996 Washington Bullets,39,43
1996 Golden State Warriors,36,46
1996 Denver Nuggets,35,47
1996 Boston Celtics,33,49
1996 New Jersey Nets,30,52
1996 Los Angeles Clippers,29,53
1996 Dallas Mavericks,26,56
1996 Minnesota Timberwolves,26,56
1996 Milwaukee Bucks,25,57
1996 Toronto Raptors,21,61
1996 Philadelphia 76ers,18,64
1996 Vancouver Grizzlies,15,67
1995 San Antonio Spurs,62,20
1995 Utah Jazz,60,22
1995 Phoenix Suns,59,23
1995 Orlando Magic,57,25
1995 Seattle SuperSonics,57,25
1995 New York Knicks,55,27
1995 Indiana Pacers,52,30
1995 Charlotte Hornets,50,32
1995 Los Angeles Lakers,48,34
1995 Chicago Bulls,47,35
1995 Houston Rockets,47,35
1995 Portland Trail Blazers,44,38
1995 Cleveland Cavaliers,43,39
1995 Atlanta Hawks,42,40
1995 Denver Nuggets,41,41
1995 Sacramento Kings,39,43
1995 Dallas Mavericks,36,46
1995 Boston Celtics,35,47
1995 Milwaukee Bucks,34,48
1995 Miami Heat,32,50
1995 New Jersey Nets,30,52
1995 Detroit Pistons,28,54
1995 Golden State Warriors,26,56
1995 Philadelphia 76ers,24,58
1995 Minnesota Timberwolves,21,61
1995 Washington Bullets,21,61
1995 Los Angeles Clippers,17,65
1994 Seattle SuperSonics,63,19
1994 Houston Rockets,58,24
1994 Atlanta Hawks,57,25
1994 New York Knicks,57,25
1994 Phoenix Suns,56,26
1994 Chicago Bulls,55,27
1994 San Antonio Spurs,55,27
1994 Utah Jazz,53,29
1994 Golden State Warriors,50,32
1994 Orlando Magic,50,32
1994 Cleveland Cavaliers,47,35
1994 Indiana Pacers,47,35
1994 Portland Trail Blazers,47,35
1994 New Jersey Nets,45,37
1994 Denver Nuggets,42,40
1994 Miami Heat,42,40
1994 Charlotte Hornets,41,41
1994 Los Angeles Lakers,33,49
1994 Boston Celtics,32,50
1994 Sacramento Kings,28,54
1994 Los Angeles Clippers,27,55
1994 Philadelphia 76ers,25,57
1994 Washington Bullets,24,58
1994 Detroit Pistons,20,62
1994 Milwaukee Bucks,20,62
1994 Minnesota Timberwolves,20,62
1994 Dallas Mavericks,13,69
1993 Phoenix Suns,62,20
1993 New York Knicks,60,22
1993 Chicago Bulls,57,25
1993 Houston Rockets,55,27
1993 Seattle SuperSonics,55,27
1993 Cleveland Cavaliers,54,28
1993 Portland Trail Blazers,51,31
1993 San Antonio Spurs,49,33
1993 Boston Celtics,48,34
1993 Utah Jazz,47,35
1993 Charlotte Hornets,44,38
1993 Atlanta Hawks,43,39
1993 New Jersey Nets,43,39
1993 Indiana Pacers,41,41
1993 Los Angeles Clippers,41,41
1993 Orlando Magic,41,41
1993 Detroit Pistons,40,42
1993 Los Angeles Lakers,39,43
1993 Denver Nuggets,36,46
1993 Miami Heat,36,46
1993 Golden State Warriors,34,48
1993 Milwaukee Bucks,28,54
1993 Philadelphia 76ers,26,56
1993 Sacramento Kings,25,57
1993 Washington Bullets,22,60
1993 Minnesota Timberwolves,19,63
1993 Dallas Mavericks,11,71
1992 Chicago Bulls,67,15
1992 Cleveland Cavaliers,57,25
1992 Portland Trail Blazers,57,25
1992 Golden State Warriors,55,27
1992 Utah Jazz,55,27
1992 Phoenix Suns,53,29
1992 Boston Celtics,51,31
1992 New York Knicks,51,31
1992 Detroit Pistons,48,34
1992 San Antonio Spurs,47,35
1992 Seattle SuperSonics,47,35
1992 Los Angeles Clippers,45,37
1992 Los Angeles Lakers,43,39
1992 Houston Rockets,42,40
1992 Indiana Pacers,40,42
1992 New Jersey Nets,40,42
1992 Miami Heat,38,44
1992 Atlanta Hawks,38,44
1992 Philadelphia 76ers,35,47
1992 Charlotte Hornets,31,51
1992 Milwaukee Bucks,31,51
1992 Sacramento Kings,29,53
1992 Washington Bullets,25,57
1992 Denver Nuggets,24,58
1992 Dallas Mavericks,22,60
1992 Orlando Magic,21,61
1992 Minnesota Timberwolves,15,67
1991 Portland Trail Blazers,63,19
1991 Chicago Bulls,61,21
1991 Los Angeles Lakers,58,24
1991 Boston Celtics,56,26
1991 Phoenix Suns,55,27
1991 San Antonio Spurs,55,27
1991 Utah Jazz,54,28
1991 Houston Rockets,52,30
1991 Detroit Pistons,50,32
1991 Milwaukee Bucks,48,34
1991 Golden State Warriors,44,38
1991 Philadelphia 76ers,44,38
1991 Atlanta Hawks,43,39
1991 Indiana Pacers,41,41
1991 Seattle SuperSonics,41,41
1991 New York Knicks,39,43
1991 Cleveland Cavaliers,33,49
1991 Los Angeles Clippers,31,51
1991 Orlando Magic,31,51
1991 Washington Bullets,30,52
1991 Minnesota Timberwolves,29,53
1991 Dallas Mavericks,28,54
1991 Charlotte Hornets,26,56
1991 New Jersey Nets,26,56
1991 Sacramento Kings,25,57
1991 Miami Heat,24,58
1991 Denver Nuggets,20,62
1990 Los Angeles Lakers,63,19
1990 Detroit Pistons,59,23
1990 Portland Trail Blazers,59,23
1990 San Antonio Spurs,56,26
1990 Chicago Bulls,55,27
1990 Utah Jazz,55,27
1990 Phoenix Suns,54,28
1990 Philadelphia 76ers,53,29
1990 Boston Celtics,52,30
1990 Dallas Mavericks,47,35
1990 New York Knicks,45,37
1990 Milwaukee Bucks,44,38
1990 Denver Nuggets,43,39
1990 Cleveland Cavaliers,42,40
1990 Indiana Pacers,42,40
1990 Houston Rockets,41,41
1990 Atlanta Hawks,41,41
1990 Seattle SuperSonics,41,41
1990 Golden State Warriors,37,45
1990 Washington Bullets,31,51
1990 Los Angeles Clippers,30,52
1990 Sacramento Kings,23,59
1990 Minnesota Timberwolves,22,60
1990 Charlotte Hornets,19,63
1990 Miami Heat,18,64
1990 Orlando Magic,18,64
1990 New Jersey Nets,17,65
1989 Detroit Pistons,63,19
1989 Cleveland Cavaliers,57,25
1989 Los Angeles Lakers,57,25
1989 Phoenix Suns,55,27
1989 Atlanta Hawks,52,30
1989 New York Knicks,52,30
1989 Utah Jazz,51,31
1989 Milwaukee Bucks,49,33
1989 Chicago Bulls,47,35
1989 Seattle SuperSonics,47,35
1989 Philadelphia 76ers,46,36
1989 Houston Rockets,45,37
1989 Denver Nuggets,44,38
1989 Golden State Warriors,43,39
1989 Boston Celtics,42,40
1989 Washington Bullets,40,42
1989 Portland Trail Blazers,39,43
1989 Dallas Mavericks,38,44
1989 Indiana Pacers,28,54
1989 Sacramento Kings,27,55
1989 New Jersey Nets,26,56
1989 Los Angeles Clippers,21,61
1989 San Antonio Spurs,21,61
1989 Charlotte Hornets,20,62
1989 Miami Heat,15,67
1988 Los Angeles Lakers,62,20
1988 Boston Celtics,57,25
1988 Denver Nuggets,54,28
1988 Detroit Pistons,54,28
1988 Dallas Mavericks,53,29
1988 Portland Trail Blazers,53,29
1988 Atlanta Hawks,50,32
1988 Chicago Bulls,50,32
1988 Utah Jazz,47,35
1988 Houston Rockets,46,36
1988 Seattle SuperSonics,44,38
1988 Cleveland Cavaliers,42,40
1988 Milwaukee Bucks,42,40
1988 New York Knicks,38,44
1988 Washington Bullets,38,44
1988 Indiana Pacers,38,44
1988 Philadelphia 76ers,36,46
1988 San Antonio Spurs,31,51
1988 Phoenix Suns,28,54
1988 Sacramento Kings,24,58
1988 Golden State Warriors,20,62
1988 New Jersey Nets,19,63
1988 Los Angeles Clippers,17,65
1987 Los Angeles Lakers,65,17
1987 Boston Celtics,59,23
1987 Atlanta Hawks,57,25
1987 Dallas Mavericks,55,27
1987 Detroit Pistons,52,30
1987 Milwaukee Bucks,50,32
1987 Portland Trail Blazers,49,33
1987 Philadelphia 76ers,45,37
1987 Utah Jazz,44,38
1987 Golden State Warriors,42,40
1987 Houston Rockets,42,40
1987 Washington Bullets,42,40
1987 Indiana Pacers,41,41
1987 Chicago Bulls,40,42
1987 Seattle SuperSonics,39,43
1987 Denver Nuggets,37,45
1987 Phoenix Suns,36,46
1987 Cleveland Cavaliers,31,51
1987 Sacramento Kings,29,53
1987 San Antonio Spurs,28,54
1987 New Jersey Nets,24,58
1987 New York Knicks,24,58
1987 Los Angeles Clippers,12,70
1986 Boston Celtics,67,15
1986 Los Angeles Lakers,62,20
1986 Milwaukee Bucks,57,25
1986 Philadelphia 76ers,54,28
1986 Houston Rockets,51,31
1986 Atlanta Hawks,50,32
1986 Denver Nuggets,47,35
1986 Detroit Pistons,46,36
1986 Dallas Mavericks,44,38
1986 Utah Jazz,42,40
1986 Portland Trail Blazers,40,42
1986 New Jersey Nets,39,43
1986 Washington Bullets,39,43
1986 Sacramento Kings,37,45
1986 San Antonio Spurs,35,47
1986 Los Angeles Clippers,32,50
1986 Phoenix Suns,32,50
1986 Seattle SuperSonics,31,51
1986 Chicago Bulls,30,52
1986 Golden State Warriors,30,52
1986 Cleveland Cavaliers,29,53
1986 Indiana Pacers,26,56
1986 New York Knicks,23,59
1985 Boston Celtics,63,19
1985 Los Angeles Lakers,62,20
1985 Milwaukee Bucks,59,23
1985 Philadelphia 76ers,58,24
1985 Denver Nuggets,52,30
1985 Houston Rockets,48,34
1985 Detroit Pistons,46,36
1985 Dallas Mavericks,44,38
1985 New Jersey Nets,42,40
1985 Portland Trail Blazers,42,40
1985 San Antonio Spurs,41,41
1985 Utah Jazz,41,41
1985 Washington Bullets,40,42
1985 Chicago Bulls,38,44
1985 Cleveland Cavaliers,36,46
1985 Phoenix Suns,36,46
1985 Atlanta Hawks,34,48
1985 Kansas City Kings,31,51
1985 Los Angeles Clippers,31,51
1985 Seattle SuperSonics,31,51
1985 New York Knicks,24,58
1985 Golden State Warriors,22,60
1985 Indiana Pacers,22,60
1984 Boston Celtics,62,20
1984 Los Angeles Lakers,54,28
1984 Philadelphia 76ers,52,30
1984 Milwaukee Bucks,50,32
1984 Detroit Pistons,49,33
1984 Portland Trail Blazers,48,34
1984 New York Knicks,47,35
1984 New Jersey Nets,45,37
1984 Utah Jazz,45,37
1984 Dallas Mavericks,43,39
1984 Seattle SuperSonics,42,40
1984 Phoenix Suns,41,41
1984 Atlanta Hawks,40,42
1984 Denver Nuggets,38,44
1984 Kansas City Kings,38,44
1984 Golden State Warriors,37,45
1984 San Antonio Spurs,37,45
1984 Washington Bullets,35,47
1984 San Diego Clippers,30,52
1984 Houston Rockets,29,53
1984 Cleveland Cavaliers,28,54
1984 Chicago Bulls,27,55
1984 Indiana Pacers,26,56
1983 Philadelphia 76ers,65,17
1983 Los Angeles Lakers,58,24
1983 Boston Celtics,56,26
1983 Phoenix Suns,53,29
1983 San Antonio Spurs,53,29
1983 Milwaukee Bucks,51,31
1983 New Jersey Nets,49,33
1983 Seattle SuperSonics,48,34
1983 Portland Trail Blazers,46,36
1983 Denver Nuggets,45,37
1983 Kansas City Kings,45,37
1983 New York Knicks,44,38
1983 Atlanta Hawks,43,39
1983 Washington Bullets,42,40
1983 Dallas Mavericks,38,44
1983 Detroit Pistons,37,45
1983 Golden State Warriors,30,52
1983 Utah Jazz,30,52
1983 Chicago Bulls,28,54
1983 San Diego Clippers,25,57
1983 Cleveland Cavaliers,23,59
1983 Indiana Pacers,20,62
1983 Houston Rockets,14,68
1982 Boston Celtics,63,19
1982 Philadelphia 76ers,58,24
1982 Los Angeles Lakers,57,25
1982 Milwaukee Bucks,55,27
1982 Seattle SuperSonics,52,30
1982 San Antonio Spurs,48,34
1982 Denver Nuggets,46,36
1982 Houston Rockets,46,36
1982 Phoenix Suns,46,36
1982 Golden State Warriors,45,37
1982 New Jersey Nets,44,38
1982 Washington Bullets,43,39
1982 Atlanta Hawks,42,40
1982 Portland Trail Blazers,42,40
1982 Detroit Pistons,39,43
1982 Indiana Pacers,35,47
1982 Chicago Bulls,34,48
1982 New York Knicks,33,49
1982 Kansas City Kings,30,52
1982 Dallas Mavericks,28,54
1982 Utah Jazz,25,57
1982 San Diego Clippers,17,65
1982 Cleveland Cavaliers,15,67
1981 Boston Celtics,62,20
1981 Philadelphia 76ers,62,20
1981 Milwaukee Bucks,60,22
1981 Phoenix Suns,57,25
1981 Los Angeles Lakers,54,28
1981 San Antonio Spurs,52,30
1981 New York Knicks,50,32
1981 Chicago Bulls,45,37
1981 Portland Trail Blazers,45,37
1981 Indiana Pacers,44,38
1981 Houston Rockets,40,42
1981 Kansas City Kings,40,42
1981 Golden State Warriors,39,43
1981 Washington Bullets,39,43
1981 Denver Nuggets,37,45
1981 San Diego Clippers,36,46
1981 Seattle SuperSonics,34,48
1981 Atlanta Hawks,31,51
1981 Cleveland Cavaliers,28,54
1981 Utah Jazz,28,54
1981 New Jersey Nets,24,58
1981 Detroit Pistons,21,61
1981 Dallas Mavericks,15,67
1980 Boston Celtics,61,21
1980 Los Angeles Lakers,60,22
1980 Philadelphia 76ers,59,23
1980 Seattle SuperSonics,56,26
1980 Phoenix Suns,55,27
1980 Atlanta Hawks,50,32
1980 Milwaukee Bucks,49,33
1980 Kansas City Kings,47,35
1980 Houston Rockets,41,41
1980 San Antonio Spurs,41,41
1980 Washington Bullets,39,43
1980 New York Knicks,39,43
1980 Portland Trail Blazers,38,44
1980 Cleveland Cavaliers,37,45
1980 Indiana Pacers,37,45
1980 San Diego Clippers,35,47
1980 New Jersey Nets,34,48
1980 Chicago Bulls,30,52
1980 Denver Nuggets,30,52
1980 Golden State Warriors,24,58
1980 Utah Jazz,24,58
1980 Detroit Pistons,16,66
1979 Washington Bullets,54,28
1979 Seattle SuperSonics,52,30
1979 Phoenix Suns,50,32
1979 Kansas City Kings,48,34
1979 San Antonio Spurs,48,34
1979 Denver Nuggets,47,35
1979 Houston Rockets,47,35
1979 Los Angeles Lakers,47,35
1979 Philadelphia 76ers,47,35
1979 Atlanta Hawks,46,36
1979 Portland Trail Blazers,45,37
1979 San Diego Clippers,43,39
1979 Golden State Warriors,38,44
1979 Indiana Pacers,38,44
1979 Milwaukee Bucks,38,44
1979 New Jersey Nets,37,45
1979 Chicago Bulls,31,51
1979 New York Knicks,31,51
1979 Cleveland Cavaliers,30,52
1979 Detroit Pistons,30,52
1979 Boston Celtics,29,53
1979 New Orleans Jazz,26,56
1978 Portland Trail Blazers,58,24
1978 Philadelphia 76ers,55,27
1978 San Antonio Spurs,52,30
1978 Phoenix Suns,49,33
1978 Denver Nuggets,48,34
1978 Seattle SuperSonics,47,35
1978 Los Angeles Lakers,45,37
1978 Milwaukee Bucks,44,38
1978 Washington Bullets,44,38
1978 Cleveland Cavaliers,43,39
1978 New York Knicks,43,39
1978 Golden State Warriors,43,39
1978 Atlanta Hawks,41,41
1978 Chicago Bulls,40,42
1978 New Orleans Jazz,39,43
1978 Detroit Pistons,38,44
1978 Boston Celtics,32,50
1978 Indiana Pacers,31,51
1978 Kansas City Kings,31,51
1978 Houston Rockets,28,54
1978 Buffalo Braves,27,55
1978 New Jersey Nets,24,58
1977 Los Angeles Lakers,53,29
1977 Denver Nuggets,50,32
1977 Philadelphia 76ers,50,32
1977 Houston Rockets,49,33
1977 Portland Trail Blazers,49,33
1977 Washington Bullets,48,34
1977 Golden State Warriors,46,36
1977 Boston Celtics,44,38
1977 Chicago Bulls,44,38
1977 Detroit Pistons,44,38
1977 San Antonio Spurs,44,38
1977 Cleveland Cavaliers,43,39
1977 Kansas City Kings,40,42
1977 New York Knicks,40,42
1977 Seattle SuperSonics,40,42
1977 Indiana Pacers,36,46
1977 New Orleans Jazz,35,47
1977 Phoenix Suns,34,48
1977 Atlanta Hawks,31,51
1977 Buffalo Braves,30,52
1977 Milwaukee Bucks,30,52
1977 New York Nets,22,60
1976 Golden State Warriors,59,23
1976 Boston Celtics,54,28
1976 Cleveland Cavaliers,49,33
1976 Washington Bullets,48,34
1976 Buffalo Braves,46,36
1976 Philadelphia 76ers,46,36
1976 Seattle SuperSonics,43,39
1976 Phoenix Suns,42,40
1976 Houston Rockets,40,42
1976 Los Angeles Lakers,40,42
1976 Milwaukee Bucks,38,44
1976 New Orleans Jazz,38,44
1976 New York Knicks,38,44
1976 Portland Trail Blazers,37,45
1976 Detroit Pistons,36,46
1976 Kansas City Kings,31,51
1976 Atlanta Hawks,29,53
1976 Chicago Bulls,24,58
1975 Boston Celtics,60,22
1975 Washington Bullets,60,22
1975 Buffalo Braves,49,33
1975 Golden State Warriors,48,34
1975 Chicago Bulls,47,35
1975 Kansas City-Omaha Kings,44,38
1975 Seattle SuperSonics,43,39
1975 Houston Rockets,41,41
1975 Detroit Pistons,40,42
1975 New York Knicks,40,42
1975 Cleveland Cavaliers,40,42
1975 Milwaukee Bucks,38,44
1975 Portland Trail Blazers,38,44
1975 Philadelphia 76ers,34,48
1975 Phoenix Suns,32,50
1975 Atlanta Hawks,31,51
1975 Los Angeles Lakers,30,52
1975 New Orleans Jazz,23,59
1974 Milwaukee Bucks,59,23
1974 Boston Celtics,56,26
1974 Chicago Bulls,54,28
1974 Detroit Pistons,52,30
1974 New York Knicks,49,33
1974 Capital Bullets,47,35
1974 Los Angeles Lakers,47,35
1974 Golden State Warriors,44,38
1974 Buffalo Braves,42,40
1974 Seattle SuperSonics,36,46
1974 Atlanta Hawks,35,47
1974 Kansas City-Omaha Kings,33,49
1974 Houston Rockets,32,50
1974 Phoenix Suns,30,52
1974 Cleveland Cavaliers,29,53
1974 Portland Trail Blazers,27,55
1974 Philadelphia 76ers,25,57
1973 Boston Celtics,68,14
1973 Los Angeles Lakers,60,22
1973 Milwaukee Bucks,60,22
1973 New York Knicks,57,25
1973 Baltimore Bullets,52,30
1973 Chicago Bulls,51,31
1973 Golden State Warriors,47,35
1973 Atlanta Hawks,46,36
1973 Detroit Pistons,40,42
1973 Phoenix Suns,38,44
1973 Kansas City-Omaha Kings,36,46
1973 Houston Rockets,33,49
1973 Cleveland Cavaliers,32,50
1973 Seattle SuperSonics,26,56
1973 Buffalo Braves,21,61
1973 Portland Trail Blazers,21,61
1973 Philadelphia 76ers,9,73
1972 Los Angeles Lakers,69,13
1972 Milwaukee Bucks,63,19
1972 Chicago Bulls,57,25
1972 Boston Celtics,56,26
1972 Golden State Warriors,51,31
1972 Phoenix Suns,49,33
1972 New York Knicks,48,34
1972 Seattle SuperSonics,47,35
1972 Baltimore Bullets,38,44
1972 Atlanta Hawks,36,46
1972 Houston Rockets,34,48
1972 Cincinnati Royals,30,52
1972 Philadelphia 76ers,30,52
1972 Detroit Pistons,26,56
1972 Cleveland Cavaliers,23,59
1972 Buffalo Braves,22,60
1972 Portland Trail Blazers,18,64
1971 Milwaukee Bucks,66,16
1971 New York Knicks,52,30
1971 Chicago Bulls,51,31
1971 Los Angeles Lakers,48,34
1971 Phoenix Suns,48,34
1971 Philadelphia 76ers,47,35
1971 Detroit Pistons,45,37
1971 Boston Celtics,44,38
1971 Baltimore Bullets,42,40
1971 San Francisco Warriors,41,41
1971 San Diego Rockets,40,42
1971 Seattle SuperSonics,38,44
1971 Atlanta Hawks,36,46
1971 Cincinnati Royals,33,49
1971 Portland Trail Blazers,29,53
1971 Buffalo Braves,22,60
1971 Cleveland Cavaliers,15,67
1970 New York Knicks,60,22
1970 Milwaukee Bucks,56,26
1970 Baltimore Bullets,50,32
1970 Atlanta Hawks,48,34
1970 Los Angeles Lakers,46,36
1970 Philadelphia 76ers,42,40
1970 Chicago Bulls,39,43
1970 Phoenix Suns,39,43
1970 Cincinnati Royals,36,46
1970 Seattle SuperSonics,36,46
1970 Boston Celtics,34,48
1970 Detroit Pistons,31,51
1970 San Francisco Warriors,30,52
1970 San Diego Rockets,27,55
1969 Baltimore Bullets,57,25
1969 Los Angeles Lakers,55,27
1969 Philadelphia 76ers,55,27
1969 New York Knicks,54,28
1969 Atlanta Hawks,48,34
1969 Boston Celtics,48,34
1969 San Francisco Warriors,41,41
1969 Cincinnati Royals,41,41
1969 San Diego Rockets,37,45
1969 Chicago Bulls,33,49
1969 Detroit Pistons,32,50
1969 Seattle SuperSonics,30,52
1969 Milwaukee Bucks,27,55
1969 Phoenix Suns,16,66
1968 Philadelphia 76ers,62,20
1968 St. Louis Hawks,56,26
1968 Boston Celtics,54,28
1968 Los Angeles Lakers,52,30
1968 New York Knicks,43,39
1968 San Francisco Warriors,43,39
1968 Detroit Pistons,40,42
1968 Cincinnati Royals,39,43
1968 Baltimore Bullets,36,46
1968 Chicago Bulls,29,53
1968 Seattle SuperSonics,23,59
1968 San Diego Rockets,15,67
1967 Philadelphia 76ers,68,13
1967 Boston Celtics,60,21
1967 San Francisco Warriors,44,37
1967 Cincinnati Royals,39,42
1967 St. Louis Hawks,39,42
1967 Los Angeles Lakers,36,45
1967 New York Knicks,36,45
1967 Chicago Bulls,33,48
1967 Detroit Pistons,30,51
1967 Baltimore Bullets,20,61
1966 Philadelphia 76ers,55,25
1966 Boston Celtics,54,26
1966 Cincinnati Royals,45,35
1966 Los Angeles Lakers,45,35
1966 Baltimore Bullets,38,42
1966 St. Louis Hawks,36,44
1966 San Francisco Warriors,35,45
1966 New York Knicks,30,50
1966 Detroit Pistons,22,58
1965 Boston Celtics,62,18
1965 Los Angeles Lakers,49,31
1965 Cincinnati Royals,48,32
1965 St. Louis Hawks,45,35
1965 Philadelphia 76ers,40,40
1965 Baltimore Bullets,37,43
1965 Detroit Pistons,31,49
1965 New York Knicks,31,49
1965 San Francisco Warriors,17,63
1964 Boston Celtics,59,21
1964 Cincinnati Royals,55,25
1964 San Francisco Warriors,48,32
1964 St. Louis Hawks,46,34
1964 Los Angeles Lakers,42,38
1964 Philadelphia 76ers,34,46
1964 Baltimore Bullets,31,49
1964 Detroit Pistons,23,57
1964 New York Knicks,22,58
1963 Boston Celtics,58,22
1963 Los Angeles Lakers,53,27
1963 St. Louis Hawks,48,32
1963 Syracuse Nationals,48,32
1963 Cincinnati Royals,42,38
1963 Detroit Pistons,34,46
1963 San Francisco Warriors,31,49
1963 Chicago Zephyrs,25,55
1963 New York Knicks,21,59
1962 Boston Celtics,60,20
1962 Los Angeles Lakers,54,26
1962 Philadelphia Warriors,49,31
1962 Cincinnati Royals,43,37
1962 Syracuse Nationals,41,39
1962 Detroit Pistons,37,43
1962 New York Knicks,29,51
1962 St. Louis Hawks,29,51
1962 Chicago Packers,18,62
1961 Boston Celtics,57,22
1961 St. Louis Hawks,51,28
1961 Philadelphia Warriors,46,33
1961 Syracuse Nationals,38,41
1961 Los Angeles Lakers,36,43
1961 Detroit Pistons,34,45
1961 Cincinnati Royals,33,46
1961 New York Knicks,21,58
1960 Boston Celtics,59,16
1960 Philadelphia Warriors,49,26
1960 St. Louis Hawks,46,29
1960 Syracuse Nationals,45,30
1960 Detroit Pistons,30,45
1960 New York Knicks,27,48
1960 Minneapolis Lakers,25,50
1960 Cincinnati Royals,19,56
1959 Boston Celtics,52,20
1959 St. Louis Hawks,49,23
1959 New York Knicks,40,32
1959 Syracuse Nationals,35,37
1959 Minneapolis Lakers,33,39
1959 Philadelphia Warriors,32,40
1959 Detroit Pistons,28,44
1959 Cincinnati Royals,19,53
1958 Boston Celtics,49,23
1958 St. Louis Hawks,41,31
1958 Syracuse Nationals,41,31
1958 Philadelphia Warriors,37,35
1958 New York Knicks,35,37
1958 Cincinnati Royals,33,39
1958 Detroit Pistons,33,39
1958 Minneapolis Lakers,19,53
1957 Boston Celtics,44,28
1957 Syracuse Nationals,38,34
1957 Philadelphia Warriors,37,35
1957 New York Knicks,36,36
1957 Fort Wayne Pistons,34,38
1957 Minneapolis Lakers,34,38
1957 St. Louis Hawks,34,38
1957 Rochester Royals,31,41
1956 Philadelphia Warriors,45,27
1956 Boston Celtics,39,33
1956 Fort Wayne Pistons,37,35
1956 New York Knicks,35,37
1956 Syracuse Nationals,35,37
1956 Minneapolis Lakers,33,39
1956 St. Louis Hawks,33,39
1956 Rochester Royals,31,41
1955 Fort Wayne Pistons,43,29
1955 Syracuse Nationals,43,29
1955 Minneapolis Lakers,40,32
1955 New York Knicks,38,34
1955 Boston Celtics,36,36
1955 Philadelphia Warriors,33,39
1955 Rochester Royals,29,43
1955 Milwaukee Hawks,26,46
1955 Baltimore Bullets,0,0
1954 Minneapolis Lakers,46,26
1954 New York Knicks,44,28
1954 Rochester Royals,44,28
1954 Boston Celtics,42,30
1954 Syracuse Nationals,42,30
1954 Fort Wayne Pistons,40,32
1954 Philadelphia Warriors,29,43
1954 Milwaukee Hawks,21,51
1954 Baltimore Bullets,16,56
1953 Minneapolis Lakers,48,22
1953 New York Knicks,47,23
1953 Syracuse Nationals,47,24
1953 Boston Celtics,46,25
1953 Rochester Royals,44,26
1953 Fort Wayne Pistons,36,33
1953 Indianapolis Olympians,28,43
1953 Milwaukee Hawks,27,44
1953 Baltimore Bullets,16,54
1953 Philadelphia Warriors,12,57
1952 Rochester Royals,41,25
1952 Minneapolis Lakers,40,26
1952 Syracuse Nationals,40,26
1952 Boston Celtics,39,27
1952 New York Knicks,37,29
1952 Indianapolis Olympians,34,32
1952 Philadelphia Warriors,33,33
1952 Fort Wayne Pistons,29,37
1952 Baltimore Bullets,20,46
1952 Milwaukee Hawks,17,49
1951 Minneapolis Lakers,44,24
1951 Rochester Royals,41,27
1951 Philadelphia Warriors,40,26
1951 Boston Celtics,39,30
1951 New York Knicks,36,30
1951 Fort Wayne Pistons,32,36
1951 Syracuse Nationals,32,34
1951 Indianapolis Olympians,31,37
1951 Tri-Cities Blackhawks,25,43
1951 Baltimore Bullets,24,42
1951 Washington Capitols,10,25
1950 Minneapolis Lakers,51,17
1950 Rochester Royals,51,17
1950 Syracuse Nationals,51,13
1950 Chicago Stags,40,28
1950 Fort Wayne Pistons,40,28
1950 New York Knicks,40,28
1950 Indianapolis Olympians,39,25
1950 Anderson Packers,37,27
1950 Washington Capitols,32,36
1950 Tri-Cities Blackhawks,29,35
1950 Philadelphia Warriors,26,42
1950 St. Louis Bombers,26,42
1950 Baltimore Bullets,25,43
1950 Sheboygan Red Skins,22,40
1950 Boston Celtics,22,46
1950 Waterloo Hawks,19,43
1950 Denver Nuggets,11,51
1949 Rochester Royals,45,15
1949 Minneapolis Lakers,44,16
1949 Chicago Stags,38,22
1949 Washington Capitols,38,22
1949 New York Knicks,32,28
1949 Baltimore Bullets,29,31
1949 St. Louis Bombers,29,31
1949 Philadelphia Warriors,28,32
1949 Boston Celtics,25,35
1949 Fort Wayne Pistons,22,38
1949 Indianapolis Jets,18,42
1949 Providence Steamrollers,12,48
1948 St. Louis Bombers,29,19
1948 Baltimore Bullets,28,20
1948 Chicago Stags,28,20
1948 Washington Capitols,28,20
1948 Philadelphia Warriors,27,21
1948 New York Knicks,26,22
1948 Boston Celtics,20,28
1948 Providence Steamrollers,6,42
1947 Washington Capitols,49,11
1947 Chicago Stags,39,22
1947 St. Louis Bombers,38,23
1947 Philadelphia Warriors,35,25
1947 New York Knicks,33,27
1947 Cleveland Rebels,30,30
1947 Providence Steamrollers,28,32
1947 Boston Celtics,22,38
1947 Toronto Huskies,22,38
1947 Detroit Falcons,20,40
1947 Pittsburgh Ironmen,15,45
