year,lg,series,winner,loser,wins_winner,wins_loser
2019,NBA,Eastern Conf First Round,Milwaukee Bucks,Detroit Pistons,4,0
2019,NBA,Eastern Conf First Round,Toronto Raptors,Orlando Magic,4,1
2019,NBA,Eastern Conf First Round,Philadelphia 76ers,Brooklyn Nets,4,1
2019,NBA,Eastern Conf First Round,Boston Celtics,Indiana Pacers,4,0
2019,NBA,Western Conf First Round,Golden State Warriors,Los Angeles Clippers,4,2
2019,NBA,Western Conf First Round,Denver Nuggets,San Antonio Spurs,4,3
2019,NBA,Western Conf First Round,Portland Trail Blazers,Oklahoma City Thunder,4,1
2019,NBA,Western Conf First Round,Houston Rockets,Utah Jazz,4,1
2019,NBA,Eastern Conf Semifinals,Milwaukee Bucks,Boston Celtics,4,1
2019,NBA,Eastern Conf Semifinals,Toronto Raptors,Philadelphia 76ers,4,3
2019,NBA,Western Conf Semifinals,Golden State Warriors,Houston Rockets,4,2
2019,NBA,Western Conf Semifinals,Portland Trail Blazers,Denver Nuggets,4,3
2019,NBA,Eastern Conf Finals,Toronto Raptors,Milwaukee Bucks,4,2
2019,NBA,Western Conf Finals,Golden State Warriors,Portland Trail Blazers,4,0
2019,NBA,Finals,Toronto Raptors,Golden State Warriors,4,2
2018,NBA,Eastern Conf First Round,Toronto Raptors,Washington Wizards,4,2
2018,NBA,Eastern Conf First Round,Boston Celtics,Milwaukee Bucks,4,3
2018,NBA,Eastern Conf First Round,Philadelphia 76ers,Miami Heat,4,1
2018,NBA,Eastern Conf First Round,Cleveland Cavaliers,Indiana Pacers,4,3
2018,NBA,Western Conf First Round,Houston Rockets,Minnesota Timberwolves,4,1
2018,NBA,Western Conf First Round,Golden State Warriors,San Antonio Spurs,4,1
2018,NBA,Western Conf First Round,New Orleans Pelicans,Portland Trail Blazers,4,0
2018,NBA,Western Conf First Round,Utah Jazz,Oklahoma City Thunder,4,2
2018,NBA,Western Conf Semifinals,Golden State Warriors,New Orleans Pelicans,4,1
2018,NBA,Western Conf Semifinals,Houston Rockets,Utah Jazz,4,1
2018,NBA,Eastern Conf Semifinals,Boston Celtics,Philadelphia 76ers,4,1
2018,NBA,Eastern Conf Semifinals,Cleveland Cavaliers,Toronto Raptors,4,0
2018,NBA,Eastern Conf Finals,Cleveland Cavaliers,Boston Celtics,4,3
2018,NBA,Western Conf Finals,Golden State Warriors,Houston Rockets,4,3
2018,NBA,Finals,Golden State Warriors,Cleveland Cavaliers,4,0
2017,NBA,Eastern Conf First Round,Boston Celtics,Chicago Bulls,4,2
2017,NBA,Eastern Conf First Round,Cleveland Cavaliers,Indiana Pacers,4,0
2017,NBA,Eastern Conf First Round,Toronto Raptors,Milwaukee Bucks,4,2
2017,NBA,Eastern Conf First Round,Washington Wizards,Atlanta Hawks,4,2
2017,NBA,Western Conf First Round,Golden State Warriors,Portland Trail Blazers,4,0
2017,NBA,Western Conf First Round,San Antonio Spurs,Memphis Grizzlies,4,2
2017,NBA,Western Conf First Round,Houston Rockets,Oklahoma City Thunder,4,1
2017,NBA,Western Conf First Round,Utah Jazz,Los Angeles Clippers,4,3
2017,NBA,Eastern Conf Semifinals,Cleveland Cavaliers,Toronto Raptors,4,0
2017,NBA,Eastern Conf Semifinals,Boston Celtics,Washington Wizards,4,3
2017,NBA,Western Conf Semifinals,Golden State Warriors,Utah Jazz,4,0
2017,NBA,Western Conf Semifinals,San Antonio Spurs,Houston Rockets,4,2
2017,NBA,Western Conf Finals,Golden State Warriors,San Antonio Spurs,4,0
2017,NBA,Eastern Conf Finals,Cleveland Cavaliers,Boston Celtics,4,1
2017,NBA,Finals,Golden State Warriors,Cleveland Cavaliers,4,1
2016,NBA,Eastern Conf First Round,Cleveland Cavaliers,Detroit Pistons,4,0
2016,NBA,Eastern Conf First Round,Toronto Raptors,Indiana Pacers,4,3
2016,NBA,Eastern Conf First Round,Miami Heat,Charlotte Hornets,4,3
2016,NBA,Eastern Conf First Round,Atlanta Hawks,Boston Celtics,4,2
2016,NBA,Western Conf First Round,Golden State Warriors,Houston Rockets,4,1
2016,NBA,Western Conf First Round,San Antonio Spurs,Memphis Grizzlies,4,0
2016,NBA,Western Conf First Round,Oklahoma City Thunder,Dallas Mavericks,4,1
2016,NBA,Western Conf First Round,Portland Trail Blazers,Los Angeles Clippers,4,2
2016,NBA,Eastern Conf Semifinals,Cleveland Cavaliers,Atlanta Hawks,4,0
2016,NBA,Eastern Conf Semifinals,Toronto Raptors,Miami Heat,4,3
2016,NBA,Western Conf Semifinals,Golden State Warriors,Portland Trail Blazers,4,1
2016,NBA,Western Conf Semifinals,Oklahoma City Thunder,San Antonio Spurs,4,2
2016,NBA,Eastern Conf Finals,Cleveland Cavaliers,Toronto Raptors,4,2
2016,NBA,Western Conf Finals,Golden State Warriors,Oklahoma City Thunder,4,3
2016,NBA,Finals,Cleveland Cavaliers,Golden State Warriors,4,3
2015,NBA,Eastern Conf First Round,Atlanta Hawks,Brooklyn Nets,4,2
2015,NBA,Eastern Conf First Round,Cleveland Cavaliers,Boston Celtics,4,0
2015,NBA,Eastern Conf First Round,Chicago Bulls,Milwaukee Bucks,4,2
2015,NBA,Eastern Conf First Round,Washington Wizards,Toronto Raptors,4,0
2015,NBA,Western Conf First Round,Golden State Warriors,New Orleans Pelicans,4,0
2015,NBA,Western Conf First Round,Houston Rockets,Dallas Mavericks,4,1
2015,NBA,Western Conf First Round,Los Angeles Clippers,San Antonio Spurs,4,3
2015,NBA,Western Conf First Round,Memphis Grizzlies,Portland Trail Blazers,4,1
2015,NBA,Eastern Conf Semifinals,Cleveland Cavaliers,Chicago Bulls,4,2
2015,NBA,Eastern Conf Semifinals,Atlanta Hawks,Washington Wizards,4,2
2015,NBA,Western Conf Semifinals,Houston Rockets,Los Angeles Clippers,4,3
2015,NBA,Western Conf Semifinals,Golden State Warriors,Memphis Grizzlies,4,2
2015,NBA,Eastern Conf Finals,Cleveland Cavaliers,Atlanta Hawks,4,0
2015,NBA,Western Conf Finals,Golden State Warriors,Houston Rockets,4,1
2015,NBA,Finals,Golden State Warriors,Cleveland Cavaliers,4,2
2014,NBA,Eastern Conf First Round,Indiana Pacers,Atlanta Hawks,4,3
2014,NBA,Eastern Conf First Round,Miami Heat,Charlotte Bobcats,4,0
2014,NBA,Eastern Conf First Round,Brooklyn Nets,Toronto Raptors,4,3
2014,NBA,Eastern Conf First Round,Washington Wizards,Chicago Bulls,4,1
2014,NBA,Western Conf First Round,San Antonio Spurs,Dallas Mavericks,4,3
2014,NBA,Western Conf First Round,Oklahoma City Thunder,Memphis Grizzlies,4,3
2014,NBA,Western Conf First Round,Los Angeles Clippers,Golden State Warriors,4,3
2014,NBA,Western Conf First Round,Portland Trail Blazers,Houston Rockets,4,2
2014,NBA,Eastern Conf Semifinals,Indiana Pacers,Washington Wizards,4,2
2014,NBA,Eastern Conf Semifinals,Miami Heat,Brooklyn Nets,4,1
2014,NBA,Western Conf Semifinals,San Antonio Spurs,Portland Trail Blazers,4,1
2014,NBA,Western Conf Semifinals,Oklahoma City Thunder,Los Angeles Clippers,4,2
2014,NBA,Eastern Conf Finals,Miami Heat,Indiana Pacers,4,2
2014,NBA,Western Conf Finals,San Antonio Spurs,Oklahoma City Thunder,4,2
2014,NBA,Finals,San Antonio Spurs,Miami Heat,4,1
2013,NBA,Eastern Conf First Round,Miami Heat,Milwaukee Bucks,4,0
2013,NBA,Eastern Conf First Round,New York Knicks,Boston Celtics,4,2
2013,NBA,Eastern Conf First Round,Indiana Pacers,Atlanta Hawks,4,2
2013,NBA,Eastern Conf First Round,Chicago Bulls,Brooklyn Nets,4,3
2013,NBA,Western Conf First Round,Oklahoma City Thunder,Houston Rockets,4,2
2013,NBA,Western Conf First Round,San Antonio Spurs,Los Angeles Lakers,4,0
2013,NBA,Western Conf First Round,Golden State Warriors,Denver Nuggets,4,2
2013,NBA,Western Conf First Round,Memphis Grizzlies,Los Angeles Clippers,4,2
2013,NBA,Eastern Conf Semifinals,Miami Heat,Chicago Bulls,4,1
2013,NBA,Eastern Conf Semifinals,Indiana Pacers,New York Knicks,4,2
2013,NBA,Western Conf Semifinals,Memphis Grizzlies,Oklahoma City Thunder,4,1
2013,NBA,Western Conf Semifinals,San Antonio Spurs,Golden State Warriors,4,2
2013,NBA,Eastern Conf Finals,Miami Heat,Indiana Pacers,4,3
2013,NBA,Western Conf Finals,San Antonio Spurs,Memphis Grizzlies,4,0
2013,NBA,Finals,Miami Heat,San Antonio Spurs,4,3
2012,NBA,Eastern Conf First Round,Philadelphia 76ers,Chicago Bulls,4,2
2012,NBA,Eastern Conf First Round,Miami Heat,New York Knicks,4,1
2012,NBA,Eastern Conf First Round,Indiana Pacers,Orlando Magic,4,1
2012,NBA,Eastern Conf First Round,Boston Celtics,Atlanta Hawks,4,2
2012,NBA,Western Conf First Round,San Antonio Spurs,Utah Jazz,4,0
2012,NBA,Western Conf First Round,Oklahoma City Thunder,Dallas Mavericks,4,0
2012,NBA,Western Conf First Round,Los Angeles Lakers,Denver Nuggets,4,3
2012,NBA,Western Conf First Round,Los Angeles Clippers,Memphis Grizzlies,4,3
2012,NBA,Eastern Conf Semifinals,Miami Heat,Indiana Pacers,4,2
2012,NBA,Eastern Conf Semifinals,Boston Celtics,Philadelphia 76ers,4,3
2012,NBA,Western Conf Semifinals,San Antonio Spurs,Los Angeles Clippers,4,0
2012,NBA,Western Conf Semifinals,Oklahoma City Thunder,Los Angeles Lakers,4,1
2012,NBA,Western Conf Finals,Oklahoma City Thunder,San Antonio Spurs,4,2
2012,NBA,Eastern Conf Finals,Miami Heat,Boston Celtics,4,3
2012,NBA,Finals,Miami Heat,Oklahoma City Thunder,4,1
2011,NBA,Eastern Conf First Round,Chicago Bulls,Indiana Pacers,4,1
2011,NBA,Eastern Conf First Round,Miami Heat,Philadelphia 76ers,4,1
2011,NBA,Eastern Conf First Round,Boston Celtics,New York Knicks,4,0
2011,NBA,Eastern Conf First Round,Atlanta Hawks,Orlando Magic,4,2
2011,NBA,Western Conf First Round,Memphis Grizzlies,San Antonio Spurs,4,2
2011,NBA,Western Conf First Round,Los Angeles Lakers,New Orleans Hornets,4,2
2011,NBA,Western Conf First Round,Dallas Mavericks,Portland Trail Blazers,4,2
2011,NBA,Western Conf First Round,Oklahoma City Thunder,Denver Nuggets,4,1
2011,NBA,Eastern Conf Semifinals,Chicago Bulls,Atlanta Hawks,4,2
2011,NBA,Eastern Conf Semifinals,Miami Heat,Boston Celtics,4,1
2011,NBA,Western Conf Semifinals,Dallas Mavericks,Los Angeles Lakers,4,0
2011,NBA,Western Conf Semifinals,Oklahoma City Thunder,Memphis Grizzlies,4,3
2011,NBA,Eastern Conf Finals,Miami Heat,Chicago Bulls,4,1
2011,NBA,Western Conf Finals,Dallas Mavericks,Oklahoma City Thunder,4,1
2011,NBA,Finals,Dallas Mavericks,Miami Heat,4,2
2010,NBA,Eastern Conf First Round,Cleveland Cavaliers,Chicago Bulls,4,1
2010,NBA,Eastern Conf First Round,Orlando Magic,Charlotte Bobcats,4,0
2010,NBA,Eastern Conf First Round,Atlanta Hawks,Milwaukee Bucks,4,3
2010,NBA,Eastern Conf First Round,Boston Celtics,Miami Heat,4,1
2010,NBA,Western Conf First Round,Los Angeles Lakers,Oklahoma City Thunder,4,2
2010,NBA,Western Conf First Round,San Antonio Spurs,Dallas Mavericks,4,2
2010,NBA,Western Conf First Round,Phoenix Suns,Portland Trail Blazers,4,2
2010,NBA,Western Conf First Round,Utah Jazz,Denver Nuggets,4,2
2010,NBA,Eastern Conf Semifinals,Boston Celtics,Cleveland Cavaliers,4,2
2010,NBA,Eastern Conf Semifinals,Orlando Magic,Atlanta Hawks,4,0
2010,NBA,Western Conf Semifinals,Los Angeles Lakers,Utah Jazz,4,0
2010,NBA,Western Conf Semifinals,Phoenix Suns,San Antonio Spurs,4,0
2010,NBA,Western Conf Finals,Los Angeles Lakers,Phoenix Suns,4,2
2010,NBA,Eastern Conf Finals,Boston Celtics,Orlando Magic,4,2
2010,NBA,Finals,Los Angeles Lakers,Boston Celtics,4,3
2009,NBA,Eastern Conf First Round,Cleveland Cavaliers,Detroit Pistons,4,0
2009,NBA,Eastern Conf First Round,Boston Celtics,Chicago Bulls,4,3
2009,NBA,Eastern Conf First Round,Orlando Magic,Philadelphia 76ers,4,2
2009,NBA,Eastern Conf First Round,Atlanta Hawks,Miami Heat,4,3
2009,NBA,Western Conf First Round,Los Angeles Lakers,Utah Jazz,4,1
2009,NBA,Western Conf First Round,Denver Nuggets,New Orleans Hornets,4,1
2009,NBA,Western Conf First Round,Dallas Mavericks,San Antonio Spurs,4,1
2009,NBA,Western Conf First Round,Houston Rockets,Portland Trail Blazers,4,2
2009,NBA,Western Conf Semifinals,Los Angeles Lakers,Houston Rockets,4,3
2009,NBA,Western Conf Semifinals,Denver Nuggets,Dallas Mavericks,4,1
2009,NBA,Eastern Conf Semifinals,Cleveland Cavaliers,Atlanta Hawks,4,0
2009,NBA,Eastern Conf Semifinals,Orlando Magic,Boston Celtics,4,3
2009,NBA,Eastern Conf Finals,Orlando Magic,Cleveland Cavaliers,4,2
2009,NBA,Western Conf Finals,Los Angeles Lakers,Denver Nuggets,4,2
2009,NBA,Finals,Los Angeles Lakers,Orlando Magic,4,1
2008,NBA,Eastern Conf First Round,Boston Celtics,Atlanta Hawks,4,3
2008,NBA,Eastern Conf First Round,Detroit Pistons,Philadelphia 76ers,4,2
2008,NBA,Eastern Conf First Round,Orlando Magic,Toronto Raptors,4,1
2008,NBA,Eastern Conf First Round,Cleveland Cavaliers,Washington Wizards,4,2
2008,NBA,Western Conf First Round,Los Angeles Lakers,Denver Nuggets,4,0
2008,NBA,Western Conf First Round,New Orleans Hornets,Dallas Mavericks,4,1
2008,NBA,Western Conf First Round,San Antonio Spurs,Phoenix Suns,4,1
2008,NBA,Western Conf First Round,Utah Jazz,Houston Rockets,4,2
2008,NBA,Eastern Conf Semifinals,Boston Celtics,Cleveland Cavaliers,4,3
2008,NBA,Eastern Conf Semifinals,Detroit Pistons,Orlando Magic,4,1
2008,NBA,Western Conf Semifinals,Los Angeles Lakers,Utah Jazz,4,2
2008,NBA,Western Conf Semifinals,San Antonio Spurs,New Orleans Hornets,4,3
2008,NBA,Eastern Conf Finals,Boston Celtics,Detroit Pistons,4,2
2008,NBA,Western Conf Finals,Los Angeles Lakers,San Antonio Spurs,4,1
2008,NBA,Finals,Boston Celtics,Los Angeles Lakers,4,2
2007,NBA,Eastern Conf First Round,Chicago Bulls,Miami Heat,4,0
2007,NBA,Eastern Conf First Round,Cleveland Cavaliers,Washington Wizards,4,0
2007,NBA,Eastern Conf First Round,Detroit Pistons,Orlando Magic,4,0
2007,NBA,Eastern Conf First Round,New Jersey Nets,Toronto Raptors,4,2
2007,NBA,Western Conf First Round,Golden State Warriors,Dallas Mavericks,4,2
2007,NBA,Western Conf First Round,Phoenix Suns,Los Angeles Lakers,4,1
2007,NBA,Western Conf First Round,San Antonio Spurs,Denver Nuggets,4,1
2007,NBA,Western Conf First Round,Utah Jazz,Houston Rockets,4,3
2007,NBA,Eastern Conf Semifinals,Cleveland Cavaliers,New Jersey Nets,4,2
2007,NBA,Eastern Conf Semifinals,Detroit Pistons,Chicago Bulls,4,2
2007,NBA,Western Conf Semifinals,San Antonio Spurs,Phoenix Suns,4,2
2007,NBA,Western Conf Semifinals,Utah Jazz,Golden State Warriors,4,1
2007,NBA,Eastern Conf Finals,Cleveland Cavaliers,Detroit Pistons,4,2
2007,NBA,Western Conf Finals,San Antonio Spurs,Utah Jazz,4,1
2007,NBA,Finals,San Antonio Spurs,Cleveland Cavaliers,4,0
2006,NBA,Eastern Conf First Round,Cleveland Cavaliers,Washington Wizards,4,2
2006,NBA,Eastern Conf First Round,Detroit Pistons,Milwaukee Bucks,4,1
2006,NBA,Eastern Conf First Round,Miami Heat,Chicago Bulls,4,2
2006,NBA,Eastern Conf First Round,New Jersey Nets,Indiana Pacers,4,2
2006,NBA,Western Conf First Round,Dallas Mavericks,Memphis Grizzlies,4,0
2006,NBA,Western Conf First Round,Los Angeles Clippers,Denver Nuggets,4,1
2006,NBA,Western Conf First Round,Phoenix Suns,Los Angeles Lakers,4,3
2006,NBA,Western Conf First Round,San Antonio Spurs,Sacramento Kings,4,2
2006,NBA,Eastern Conf Semifinals,Detroit Pistons,Cleveland Cavaliers,4,3
2006,NBA,Eastern Conf Semifinals,Miami Heat,New Jersey Nets,4,1
2006,NBA,Western Conf Semifinals,Dallas Mavericks,San Antonio Spurs,4,3
2006,NBA,Western Conf Semifinals,Phoenix Suns,Los Angeles Clippers,4,3
2006,NBA,Eastern Conf Finals,Miami Heat,Detroit Pistons,4,2
2006,NBA,Western Conf Finals,Dallas Mavericks,Phoenix Suns,4,2
2006,NBA,Finals,Miami Heat,Dallas Mavericks,4,2
2005,NBA,Eastern Conf First Round,Detroit Pistons,Philadelphia 76ers,4,1
2005,NBA,Eastern Conf First Round,Indiana Pacers,Boston Celtics,4,3
2005,NBA,Eastern Conf First Round,Miami Heat,New Jersey Nets,4,0
2005,NBA,Eastern Conf First Round,Washington Wizards,Chicago Bulls,4,2
2005,NBA,Western Conf First Round,Dallas Mavericks,Houston Rockets,4,3
2005,NBA,Western Conf First Round,Phoenix Suns,Memphis Grizzlies,4,0
2005,NBA,Western Conf First Round,San Antonio Spurs,Denver Nuggets,4,1
2005,NBA,Western Conf First Round,Seattle SuperSonics,Sacramento Kings,4,1
2005,NBA,Eastern Conf Semifinals,Detroit Pistons,Indiana Pacers,4,2
2005,NBA,Eastern Conf Semifinals,Miami Heat,Washington Wizards,4,0
2005,NBA,Western Conf Semifinals,Phoenix Suns,Dallas Mavericks,4,2
2005,NBA,Western Conf Semifinals,San Antonio Spurs,Seattle SuperSonics,4,2
2005,NBA,Eastern Conf Finals,Detroit Pistons,Miami Heat,4,3
2005,NBA,Western Conf Finals,San Antonio Spurs,Phoenix Suns,4,1
2005,NBA,Finals,San Antonio Spurs,Detroit Pistons,4,3
2004,NBA,Eastern Conf First Round,Detroit Pistons,Milwaukee Bucks,4,1
2004,NBA,Eastern Conf First Round,Indiana Pacers,Boston Celtics,4,0
2004,NBA,Eastern Conf First Round,Miami Heat,New Orleans Hornets,4,3
2004,NBA,Eastern Conf First Round,New Jersey Nets,New York Knicks,4,0
2004,NBA,Western Conf First Round,Los Angeles Lakers,Houston Rockets,4,1
2004,NBA,Western Conf First Round,Minnesota Timberwolves,Denver Nuggets,4,1
2004,NBA,Western Conf First Round,Sacramento Kings,Dallas Mavericks,4,1
2004,NBA,Western Conf First Round,San Antonio Spurs,Memphis Grizzlies,4,0
2004,NBA,Eastern Conf Semifinals,Detroit Pistons,New Jersey Nets,4,3
2004,NBA,Eastern Conf Semifinals,Indiana Pacers,Miami Heat,4,2
2004,NBA,Western Conf Semifinals,Los Angeles Lakers,San Antonio Spurs,4,2
2004,NBA,Western Conf Semifinals,Minnesota Timberwolves,Sacramento Kings,4,3
2004,NBA,Eastern Conf Finals,Detroit Pistons,Indiana Pacers,4,2
2004,NBA,Western Conf Finals,Los Angeles Lakers,Minnesota Timberwolves,4,2
2004,NBA,Finals,Detroit Pistons,Los Angeles Lakers,4,1
2003,NBA,Eastern Conf First Round,Boston Celtics,Indiana Pacers,4,2
2003,NBA,Eastern Conf First Round,Detroit Pistons,Orlando Magic,4,3
2003,NBA,Eastern Conf First Round,New Jersey Nets,Milwaukee Bucks,4,2
2003,NBA,Eastern Conf First Round,Philadelphia 76ers,New Orleans Hornets,4,2
2003,NBA,Western Conf First Round,Dallas Mavericks,Portland Trail Blazers,4,3
2003,NBA,Western Conf First Round,Los Angeles Lakers,Minnesota Timberwolves,4,2
2003,NBA,Western Conf First Round,Sacramento Kings,Utah Jazz,4,1
2003,NBA,Western Conf First Round,San Antonio Spurs,Phoenix Suns,4,2
2003,NBA,Eastern Conf Semifinals,Detroit Pistons,Philadelphia 76ers,4,2
2003,NBA,Eastern Conf Semifinals,New Jersey Nets,Boston Celtics,4,0
2003,NBA,Western Conf Semifinals,Dallas Mavericks,Sacramento Kings,4,3
2003,NBA,Western Conf Semifinals,San Antonio Spurs,Los Angeles Lakers,4,2
2003,NBA,Eastern Conf Finals,New Jersey Nets,Detroit Pistons,4,0
2003,NBA,Western Conf Finals,San Antonio Spurs,Dallas Mavericks,4,2
2003,NBA,Finals,San Antonio Spurs,New Jersey Nets,4,2
2002,NBA,Eastern Conf First Round,Boston Celtics,Philadelphia 76ers,3,2
2002,NBA,Eastern Conf First Round,Charlotte Hornets,Orlando Magic,3,1
2002,NBA,Eastern Conf First Round,Detroit Pistons,Toronto Raptors,3,2
2002,NBA,Eastern Conf First Round,New Jersey Nets,Indiana Pacers,3,2
2002,NBA,Western Conf First Round,Dallas Mavericks,Minnesota Timberwolves,3,0
2002,NBA,Western Conf First Round,Los Angeles Lakers,Portland Trail Blazers,3,0
2002,NBA,Western Conf First Round,Sacramento Kings,Utah Jazz,3,1
2002,NBA,Western Conf First Round,San Antonio Spurs,Seattle SuperSonics,3,2
2002,NBA,Eastern Conf Semifinals,Boston Celtics,Detroit Pistons,4,1
2002,NBA,Eastern Conf Semifinals,New Jersey Nets,Charlotte Hornets,4,1
2002,NBA,Western Conf Semifinals,Los Angeles Lakers,San Antonio Spurs,4,1
2002,NBA,Western Conf Semifinals,Sacramento Kings,Dallas Mavericks,4,1
2002,NBA,Eastern Conf Finals,New Jersey Nets,Boston Celtics,4,2
2002,NBA,Western Conf Finals,Los Angeles Lakers,Sacramento Kings,4,3
2002,NBA,Finals,Los Angeles Lakers,New Jersey Nets,4,0
2001,NBA,Eastern Conf First Round,Charlotte Hornets,Miami Heat,3,0
2001,NBA,Eastern Conf First Round,Milwaukee Bucks,Orlando Magic,3,1
2001,NBA,Eastern Conf First Round,Philadelphia 76ers,Indiana Pacers,3,1
2001,NBA,Eastern Conf First Round,Toronto Raptors,New York Knicks,3,2
2001,NBA,Western Conf First Round,Dallas Mavericks,Utah Jazz,3,2
2001,NBA,Western Conf First Round,Los Angeles Lakers,Portland Trail Blazers,3,0
2001,NBA,Western Conf First Round,Sacramento Kings,Phoenix Suns,3,1
2001,NBA,Western Conf First Round,San Antonio Spurs,Minnesota Timberwolves,3,1
2001,NBA,Eastern Conf Semifinals,Milwaukee Bucks,Charlotte Hornets,4,3
2001,NBA,Eastern Conf Semifinals,Philadelphia 76ers,Toronto Raptors,4,3
2001,NBA,Western Conf Semifinals,Los Angeles Lakers,Sacramento Kings,4,0
2001,NBA,Western Conf Semifinals,San Antonio Spurs,Dallas Mavericks,4,1
2001,NBA,Eastern Conf Finals,Philadelphia 76ers,Milwaukee Bucks,4,3
2001,NBA,Western Conf Finals,Los Angeles Lakers,San Antonio Spurs,4,0
2001,NBA,Finals,Los Angeles Lakers,Philadelphia 76ers,4,1
2000,NBA,Eastern Conf First Round,Indiana Pacers,Milwaukee Bucks,3,2
2000,NBA,Eastern Conf First Round,Miami Heat,Detroit Pistons,3,0
2000,NBA,Eastern Conf First Round,New York Knicks,Toronto Raptors,3,0
2000,NBA,Eastern Conf First Round,Philadelphia 76ers,Charlotte Hornets,3,1
2000,NBA,Western Conf First Round,Los Angeles Lakers,Sacramento Kings,3,2
2000,NBA,Western Conf First Round,Phoenix Suns,San Antonio Spurs,3,1
2000,NBA,Western Conf First Round,Portland Trail Blazers,Minnesota Timberwolves,3,1
2000,NBA,Western Conf First Round,Utah Jazz,Seattle SuperSonics,3,2
2000,NBA,Eastern Conf Semifinals,Indiana Pacers,Philadelphia 76ers,4,2
2000,NBA,Eastern Conf Semifinals,New York Knicks,Miami Heat,4,3
2000,NBA,Western Conf Semifinals,Los Angeles Lakers,Phoenix Suns,4,1
2000,NBA,Western Conf Semifinals,Portland Trail Blazers,Utah Jazz,4,1
2000,NBA,Eastern Conf Finals,Indiana Pacers,New York Knicks,4,2
2000,NBA,Western Conf Finals,Los Angeles Lakers,Portland Trail Blazers,4,3
2000,NBA,Finals,Los Angeles Lakers,Indiana Pacers,4,2
1999,NBA,Eastern Conf First Round,Atlanta Hawks,Detroit Pistons,3,2
1999,NBA,Eastern Conf First Round,Indiana Pacers,Milwaukee Bucks,3,0
1999,NBA,Eastern Conf First Round,New York Knicks,Miami Heat,3,2
1999,NBA,Eastern Conf First Round,Philadelphia 76ers,Orlando Magic,3,1
1999,NBA,Western Conf First Round,Los Angeles Lakers,Houston Rockets,3,1
1999,NBA,Western Conf First Round,Portland Trail Blazers,Phoenix Suns,3,0
1999,NBA,Western Conf First Round,San Antonio Spurs,Minnesota Timberwolves,3,1
1999,NBA,Western Conf First Round,Utah Jazz,Sacramento Kings,3,2
1999,NBA,Eastern Conf Semifinals,Indiana Pacers,Philadelphia 76ers,4,0
1999,NBA,Eastern Conf Semifinals,New York Knicks,Atlanta Hawks,4,0
1999,NBA,Western Conf Semifinals,Portland Trail Blazers,Utah Jazz,4,2
1999,NBA,Western Conf Semifinals,San Antonio Spurs,Los Angeles Lakers,4,0
1999,NBA,Eastern Conf Finals,New York Knicks,Indiana Pacers,4,2
1999,NBA,Western Conf Finals,San Antonio Spurs,Portland Trail Blazers,4,0
1999,NBA,Finals,San Antonio Spurs,New York Knicks,4,1
1998,NBA,Eastern Conf First Round,Charlotte Hornets,Atlanta Hawks,3,1
1998,NBA,Eastern Conf First Round,Chicago Bulls,New Jersey Nets,3,0
1998,NBA,Eastern Conf First Round,Indiana Pacers,Cleveland Cavaliers,3,1
1998,NBA,Eastern Conf First Round,New York Knicks,Miami Heat,3,2
1998,NBA,Western Conf First Round,Los Angeles Lakers,Portland Trail Blazers,3,1
1998,NBA,Western Conf First Round,San Antonio Spurs,Phoenix Suns,3,1
1998,NBA,Western Conf First Round,Seattle SuperSonics,Minnesota Timberwolves,3,2
1998,NBA,Western Conf First Round,Utah Jazz,Houston Rockets,3,2
1998,NBA,Eastern Conf Semifinals,Chicago Bulls,Charlotte Hornets,4,1
1998,NBA,Eastern Conf Semifinals,Indiana Pacers,New York Knicks,4,1
1998,NBA,Western Conf Semifinals,Los Angeles Lakers,Seattle SuperSonics,4,1
1998,NBA,Western Conf Semifinals,Utah Jazz,San Antonio Spurs,4,1
1998,NBA,Eastern Conf Finals,Chicago Bulls,Indiana Pacers,4,3
1998,NBA,Western Conf Finals,Utah Jazz,Los Angeles Lakers,4,0
1998,NBA,Finals,Chicago Bulls,Utah Jazz,4,2
1997,NBA,Eastern Conf First Round,Atlanta Hawks,Detroit Pistons,3,2
1997,NBA,Eastern Conf First Round,Chicago Bulls,Washington Bullets,3,0
1997,NBA,Eastern Conf First Round,Miami Heat,Orlando Magic,3,2
1997,NBA,Eastern Conf First Round,New York Knicks,Charlotte Hornets,3,0
1997,NBA,Western Conf First Round,Houston Rockets,Minnesota Timberwolves,3,0
1997,NBA,Western Conf First Round,Los Angeles Lakers,Portland Trail Blazers,3,1
1997,NBA,Western Conf First Round,Seattle SuperSonics,Phoenix Suns,3,2
1997,NBA,Western Conf First Round,Utah Jazz,Los Angeles Clippers,3,0
1997,NBA,Eastern Conf Semifinals,Chicago Bulls,Atlanta Hawks,4,1
1997,NBA,Eastern Conf Semifinals,Miami Heat,New York Knicks,4,3
1997,NBA,Western Conf Semifinals,Houston Rockets,Seattle SuperSonics,4,3
1997,NBA,Western Conf Semifinals,Utah Jazz,Los Angeles Lakers,4,1
1997,NBA,Eastern Conf Finals,Chicago Bulls,Miami Heat,4,1
1997,NBA,Western Conf Finals,Utah Jazz,Houston Rockets,4,2
1997,NBA,Finals,Chicago Bulls,Utah Jazz,4,2
1996,NBA,Eastern Conf First Round,Atlanta Hawks,Indiana Pacers,3,2
1996,NBA,Eastern Conf First Round,Chicago Bulls,Miami Heat,3,0
1996,NBA,Eastern Conf First Round,New York Knicks,Cleveland Cavaliers,3,0
1996,NBA,Eastern Conf First Round,Orlando Magic,Detroit Pistons,3,0
1996,NBA,Western Conf First Round,Houston Rockets,Los Angeles Lakers,3,1
1996,NBA,Western Conf First Round,San Antonio Spurs,Phoenix Suns,3,1
1996,NBA,Western Conf First Round,Seattle SuperSonics,Sacramento Kings,3,1
1996,NBA,Western Conf First Round,Utah Jazz,Portland Trail Blazers,3,2
1996,NBA,Eastern Conf Semifinals,Chicago Bulls,New York Knicks,4,1
1996,NBA,Eastern Conf Semifinals,Orlando Magic,Atlanta Hawks,4,1
1996,NBA,Western Conf Semifinals,Seattle SuperSonics,Houston Rockets,4,0
1996,NBA,Western Conf Semifinals,Utah Jazz,San Antonio Spurs,4,2
1996,NBA,Eastern Conf Finals,Chicago Bulls,Orlando Magic,4,0
1996,NBA,Western Conf Finals,Seattle SuperSonics,Utah Jazz,4,3
1996,NBA,Finals,Chicago Bulls,Seattle SuperSonics,4,2
1995,NBA,Eastern Conf First Round,Chicago Bulls,Charlotte Hornets,3,1
1995,NBA,Eastern Conf First Round,Indiana Pacers,Atlanta Hawks,3,0
1995,NBA,Eastern Conf First Round,New York Knicks,Cleveland Cavaliers,3,1
1995,NBA,Eastern Conf First Round,Orlando Magic,Boston Celtics,3,1
1995,NBA,Western Conf First Round,Houston Rockets,Utah Jazz,3,2
1995,NBA,Western Conf First Round,Los Angeles Lakers,Seattle SuperSonics,3,1
1995,NBA,Western Conf First Round,Phoenix Suns,Portland Trail Blazers,3,0
1995,NBA,Western Conf First Round,San Antonio Spurs,Denver Nuggets,3,0
1995,NBA,Eastern Conf Semifinals,Indiana Pacers,New York Knicks,4,3
1995,NBA,Eastern Conf Semifinals,Orlando Magic,Chicago Bulls,4,2
1995,NBA,Western Conf Semifinals,Houston Rockets,Phoenix Suns,4,3
1995,NBA,Western Conf Semifinals,San Antonio Spurs,Los Angeles Lakers,4,2
1995,NBA,Eastern Conf Finals,Orlando Magic,Indiana Pacers,4,3
1995,NBA,Western Conf Finals,Houston Rockets,San Antonio Spurs,4,2
1995,NBA,Finals,Houston Rockets,Orlando Magic,4,0
1994,NBA,Eastern Conf First Round,Atlanta Hawks,Miami Heat,3,2
1994,NBA,Eastern Conf First Round,Chicago Bulls,Cleveland Cavaliers,3,0
1994,NBA,Eastern Conf First Round,Indiana Pacers,Orlando Magic,3,0
1994,NBA,Eastern Conf First Round,New York Knicks,New Jersey Nets,3,1
1994,NBA,Western Conf First Round,Denver Nuggets,Seattle SuperSonics,3,2
1994,NBA,Western Conf First Round,Houston Rockets,Portland Trail Blazers,3,1
1994,NBA,Western Conf First Round,Phoenix Suns,Golden State Warriors,3,0
1994,NBA,Western Conf First Round,Utah Jazz,San Antonio Spurs,3,1
1994,NBA,Eastern Conf Semifinals,Indiana Pacers,Atlanta Hawks,4,2
1994,NBA,Eastern Conf Semifinals,New York Knicks,Chicago Bulls,4,3
1994,NBA,Western Conf Semifinals,Houston Rockets,Phoenix Suns,4,3
1994,NBA,Western Conf Semifinals,Utah Jazz,Denver Nuggets,4,3
1994,NBA,Eastern Conf Finals,New York Knicks,Indiana Pacers,4,3
1994,NBA,Western Conf Finals,Houston Rockets,Utah Jazz,4,1
1994,NBA,Finals,Houston Rockets,New York Knicks,4,3
1993,NBA,Eastern Conf First Round,Charlotte Hornets,Boston Celtics,3,1
1993,NBA,Eastern Conf First Round,Chicago Bulls,Atlanta Hawks,3,0
1993,NBA,Eastern Conf First Round,Cleveland Cavaliers,New Jersey Nets,3,2
1993,NBA,Eastern Conf First Round,New York Knicks,Indiana Pacers,3,1
1993,NBA,Western Conf First Round,Houston Rockets,Los Angeles Clippers,3,2
1993,NBA,Western Conf First Round,Phoenix Suns,Los Angeles Lakers,3,2
1993,NBA,Western Conf First Round,San Antonio Spurs,Portland Trail Blazers,3,1
1993,NBA,Western Conf First Round,Seattle SuperSonics,Utah Jazz,3,2
1993,NBA,Eastern Conf Semifinals,Chicago Bulls,Cleveland Cavaliers,4,0
1993,NBA,Eastern Conf Semifinals,New York Knicks,Charlotte Hornets,4,1
1993,NBA,Western Conf Semifinals,Phoenix Suns,San Antonio Spurs,4,2
1993,NBA,Western Conf Semifinals,Seattle SuperSonics,Houston Rockets,4,3
1993,NBA,Eastern Conf Finals,Chicago Bulls,New York Knicks,4,2
1993,NBA,Western Conf Finals,Phoenix Suns,Seattle SuperSonics,4,3
1993,NBA,Finals,Chicago Bulls,Phoenix Suns,4,2
1992,NBA,Eastern Conf First Round,Boston Celtics,Indiana Pacers,3,0
1992,NBA,Eastern Conf First Round,Chicago Bulls,Miami Heat,3,0
1992,NBA,Eastern Conf First Round,Cleveland Cavaliers,New Jersey Nets,3,1
1992,NBA,Eastern Conf First Round,New York Knicks,Detroit Pistons,3,2
1992,NBA,Western Conf First Round,Phoenix Suns,San Antonio Spurs,3,0
1992,NBA,Western Conf First Round,Portland Trail Blazers,Los Angeles Lakers,3,1
1992,NBA,Western Conf First Round,Seattle SuperSonics,Golden State Warriors,3,1
1992,NBA,Western Conf First Round,Utah Jazz,Los Angeles Clippers,3,2
1992,NBA,Eastern Conf Semifinals,Chicago Bulls,New York Knicks,4,3
1992,NBA,Eastern Conf Semifinals,Cleveland Cavaliers,Boston Celtics,4,3
1992,NBA,Western Conf Semifinals,Portland Trail Blazers,Phoenix Suns,4,1
1992,NBA,Western Conf Semifinals,Utah Jazz,Seattle SuperSonics,4,1
1992,NBA,Eastern Conf Finals,Chicago Bulls,Cleveland Cavaliers,4,2
1992,NBA,Western Conf Finals,Portland Trail Blazers,Utah Jazz,4,2
1992,NBA,Finals,Chicago Bulls,Portland Trail Blazers,4,2
1991,NBA,Eastern Conf First Round,Boston Celtics,Indiana Pacers,3,2
1991,NBA,Eastern Conf First Round,Chicago Bulls,New York Knicks,3,0
1991,NBA,Eastern Conf First Round,Detroit Pistons,Atlanta Hawks,3,2
1991,NBA,Eastern Conf First Round,Philadelphia 76ers,Milwaukee Bucks,3,0
1991,NBA,Western Conf First Round,Golden State Warriors,San Antonio Spurs,3,1
1991,NBA,Western Conf First Round,Los Angeles Lakers,Houston Rockets,3,0
1991,NBA,Western Conf First Round,Portland Trail Blazers,Seattle SuperSonics,3,2
1991,NBA,Western Conf First Round,Utah Jazz,Phoenix Suns,3,1
1991,NBA,Eastern Conf Semifinals,Chicago Bulls,Philadelphia 76ers,4,1
1991,NBA,Eastern Conf Semifinals,Detroit Pistons,Boston Celtics,4,2
1991,NBA,Western Conf Semifinals,Los Angeles Lakers,Golden State Warriors,4,1
1991,NBA,Western Conf Semifinals,Portland Trail Blazers,Utah Jazz,4,1
1991,NBA,Eastern Conf Finals,Chicago Bulls,Detroit Pistons,4,0
1991,NBA,Western Conf Finals,Los Angeles Lakers,Portland Trail Blazers,4,2
1991,NBA,Finals,Chicago Bulls,Los Angeles Lakers,4,1
1990,NBA,Eastern Conf First Round,Chicago Bulls,Milwaukee Bucks,3,1
1990,NBA,Eastern Conf First Round,Detroit Pistons,Indiana Pacers,3,0
1990,NBA,Eastern Conf First Round,New York Knicks,Boston Celtics,3,2
1990,NBA,Eastern Conf First Round,Philadelphia 76ers,Cleveland Cavaliers,3,2
1990,NBA,Western Conf First Round,Los Angeles Lakers,Houston Rockets,3,1
1990,NBA,Western Conf First Round,Phoenix Suns,Utah Jazz,3,2
1990,NBA,Western Conf First Round,Portland Trail Blazers,Dallas Mavericks,3,0
1990,NBA,Western Conf First Round,San Antonio Spurs,Denver Nuggets,3,0
1990,NBA,Eastern Conf Semifinals,Chicago Bulls,Philadelphia 76ers,4,1
1990,NBA,Eastern Conf Semifinals,Detroit Pistons,New York Knicks,4,1
1990,NBA,Western Conf Semifinals,Phoenix Suns,Los Angeles Lakers,4,1
1990,NBA,Western Conf Semifinals,Portland Trail Blazers,San Antonio Spurs,4,3
1990,NBA,Eastern Conf Finals,Detroit Pistons,Chicago Bulls,4,3
1990,NBA,Western Conf Finals,Portland Trail Blazers,Phoenix Suns,4,2
1990,NBA,Finals,Detroit Pistons,Portland Trail Blazers,4,1
1989,NBA,Eastern Conf First Round,Chicago Bulls,Cleveland Cavaliers,3,2
1989,NBA,Eastern Conf First Round,Detroit Pistons,Boston Celtics,3,0
1989,NBA,Eastern Conf First Round,Milwaukee Bucks,Atlanta Hawks,3,2
1989,NBA,Eastern Conf First Round,New York Knicks,Philadelphia 76ers,3,0
1989,NBA,Western Conf First Round,Golden State Warriors,Utah Jazz,3,0
1989,NBA,Western Conf First Round,Los Angeles Lakers,Portland Trail Blazers,3,0
1989,NBA,Western Conf First Round,Phoenix Suns,Denver Nuggets,3,0
1989,NBA,Western Conf First Round,Seattle SuperSonics,Houston Rockets,3,1
1989,NBA,Eastern Conf Semifinals,Chicago Bulls,New York Knicks,4,2
1989,NBA,Eastern Conf Semifinals,Detroit Pistons,Milwaukee Bucks,4,0
1989,NBA,Western Conf Semifinals,Los Angeles Lakers,Seattle SuperSonics,4,0
1989,NBA,Western Conf Semifinals,Phoenix Suns,Golden State Warriors,4,1
1989,NBA,Eastern Conf Finals,Detroit Pistons,Chicago Bulls,4,2
1989,NBA,Western Conf Finals,Los Angeles Lakers,Phoenix Suns,4,0
1989,NBA,Finals,Detroit Pistons,Los Angeles Lakers,4,0
1988,NBA,Eastern Conf First Round,Atlanta Hawks,Milwaukee Bucks,3,2
1988,NBA,Eastern Conf First Round,Boston Celtics,New York Knicks,3,1
1988,NBA,Eastern Conf First Round,Chicago Bulls,Cleveland Cavaliers,3,2
1988,NBA,Eastern Conf First Round,Detroit Pistons,Washington Bullets,3,2
1988,NBA,Western Conf First Round,Dallas Mavericks,Houston Rockets,3,1
1988,NBA,Western Conf First Round,Denver Nuggets,Seattle SuperSonics,3,2
1988,NBA,Western Conf First Round,Los Angeles Lakers,San Antonio Spurs,3,0
1988,NBA,Western Conf First Round,Utah Jazz,Portland Trail Blazers,3,1
1988,NBA,Eastern Conf Semifinals,Boston Celtics,Atlanta Hawks,4,3
1988,NBA,Eastern Conf Semifinals,Detroit Pistons,Chicago Bulls,4,1
1988,NBA,Western Conf Semifinals,Dallas Mavericks,Denver Nuggets,4,2
1988,NBA,Western Conf Semifinals,Los Angeles Lakers,Utah Jazz,4,3
1988,NBA,Eastern Conf Finals,Detroit Pistons,Boston Celtics,4,2
1988,NBA,Western Conf Finals,Los Angeles Lakers,Dallas Mavericks,4,3
1988,NBA,Finals,Los Angeles Lakers,Detroit Pistons,4,3
1987,NBA,Eastern Conf First Round,Atlanta Hawks,Indiana Pacers,3,1
1987,NBA,Eastern Conf First Round,Boston Celtics,Chicago Bulls,3,0
1987,NBA,Eastern Conf First Round,Detroit Pistons,Washington Bullets,3,0
1987,NBA,Eastern Conf First Round,Milwaukee Bucks,Philadelphia 76ers,3,2
1987,NBA,Western Conf First Round,Golden State Warriors,Utah Jazz,3,2
1987,NBA,Western Conf First Round,Houston Rockets,Portland Trail Blazers,3,1
1987,NBA,Western Conf First Round,Los Angeles Lakers,Denver Nuggets,3,0
1987,NBA,Western Conf First Round,Seattle SuperSonics,Dallas Mavericks,3,1
1987,NBA,Eastern Conf Semifinals,Boston Celtics,Milwaukee Bucks,4,3
1987,NBA,Eastern Conf Semifinals,Detroit Pistons,Atlanta Hawks,4,1
1987,NBA,Western Conf Semifinals,Los Angeles Lakers,Golden State Warriors,4,1
1987,NBA,Western Conf Semifinals,Seattle SuperSonics,Houston Rockets,4,2
1987,NBA,Eastern Conf Finals,Boston Celtics,Detroit Pistons,4,3
1987,NBA,Western Conf Finals,Los Angeles Lakers,Seattle SuperSonics,4,0
1987,NBA,Finals,Los Angeles Lakers,Boston Celtics,4,2
1986,NBA,Eastern Conf First Round,Atlanta Hawks,Detroit Pistons,3,1
1986,NBA,Eastern Conf First Round,Boston Celtics,Chicago Bulls,3,0
1986,NBA,Eastern Conf First Round,Milwaukee Bucks,New Jersey Nets,3,0
1986,NBA,Eastern Conf First Round,Philadelphia 76ers,Washington Bullets,3,2
1986,NBA,Western Conf First Round,Dallas Mavericks,Utah Jazz,3,1
1986,NBA,Western Conf First Round,Denver Nuggets,Portland Trail Blazers,3,1
1986,NBA,Western Conf First Round,Houston Rockets,Sacramento Kings,3,0
1986,NBA,Western Conf First Round,Los Angeles Lakers,San Antonio Spurs,3,0
1986,NBA,Eastern Conf Semifinals,Boston Celtics,Atlanta Hawks,4,1
1986,NBA,Eastern Conf Semifinals,Milwaukee Bucks,Philadelphia 76ers,4,3
1986,NBA,Western Conf Semifinals,Houston Rockets,Denver Nuggets,4,2
1986,NBA,Western Conf Semifinals,Los Angeles Lakers,Dallas Mavericks,4,2
1986,NBA,Eastern Conf Finals,Boston Celtics,Milwaukee Bucks,4,0
1986,NBA,Western Conf Finals,Houston Rockets,Los Angeles Lakers,4,1
1986,NBA,Finals,Boston Celtics,Houston Rockets,4,2
1985,NBA,Eastern Conf First Round,Boston Celtics,Cleveland Cavaliers,3,1
1985,NBA,Eastern Conf First Round,Detroit Pistons,New Jersey Nets,3,0
1985,NBA,Eastern Conf First Round,Milwaukee Bucks,Chicago Bulls,3,1
1985,NBA,Eastern Conf First Round,Philadelphia 76ers,Washington Bullets,3,1
1985,NBA,Western Conf First Round,Denver Nuggets,San Antonio Spurs,3,2
1985,NBA,Western Conf First Round,Los Angeles Lakers,Phoenix Suns,3,0
1985,NBA,Western Conf First Round,Portland Trail Blazers,Dallas Mavericks,3,1
1985,NBA,Western Conf First Round,Utah Jazz,Houston Rockets,3,2
1985,NBA,Eastern Conf Semifinals,Boston Celtics,Detroit Pistons,4,2
1985,NBA,Eastern Conf Semifinals,Philadelphia 76ers,Milwaukee Bucks,4,0
1985,NBA,Western Conf Semifinals,Denver Nuggets,Utah Jazz,4,1
1985,NBA,Western Conf Semifinals,Los Angeles Lakers,Portland Trail Blazers,4,1
1985,NBA,Eastern Conf Finals,Boston Celtics,Philadelphia 76ers,4,1
1985,NBA,Western Conf Finals,Los Angeles Lakers,Denver Nuggets,4,1
1985,NBA,Finals,Los Angeles Lakers,Boston Celtics,4,2
1984,NBA,Eastern Conf First Round,Boston Celtics,Washington Bullets,3,1
1984,NBA,Eastern Conf First Round,Milwaukee Bucks,Atlanta Hawks,3,2
1984,NBA,Eastern Conf First Round,New Jersey Nets,Philadelphia 76ers,3,2
1984,NBA,Eastern Conf First Round,New York Knicks,Detroit Pistons,3,2
1984,NBA,Western Conf First Round,Dallas Mavericks,Seattle SuperSonics,3,2
1984,NBA,Western Conf First Round,Los Angeles Lakers,Kansas City Kings,3,0
1984,NBA,Western Conf First Round,Phoenix Suns,Portland Trail Blazers,3,2
1984,NBA,Western Conf First Round,Utah Jazz,Denver Nuggets,3,2
1984,NBA,Eastern Conf Semifinals,Boston Celtics,New York Knicks,4,3
1984,NBA,Eastern Conf Semifinals,Milwaukee Bucks,New Jersey Nets,4,2
1984,NBA,Western Conf Semifinals,Los Angeles Lakers,Dallas Mavericks,4,1
1984,NBA,Western Conf Semifinals,Phoenix Suns,Utah Jazz,4,2
1984,NBA,Eastern Conf Finals,Boston Celtics,Milwaukee Bucks,4,1
1984,NBA,Western Conf Finals,Los Angeles Lakers,Phoenix Suns,4,2
1984,NBA,Finals,Boston Celtics,Los Angeles Lakers,4,3
1983,NBA,Eastern Conf First Round,Boston Celtics,Atlanta Hawks,2,1
1983,NBA,Eastern Conf First Round,New York Knicks,New Jersey Nets,2,0
1983,NBA,Western Conf First Round,Denver Nuggets,Phoenix Suns,2,1
1983,NBA,Western Conf First Round,Portland Trail Blazers,Seattle SuperSonics,2,0
1983,NBA,Eastern Conf Semifinals,Milwaukee Bucks,Boston Celtics,4,0
1983,NBA,Eastern Conf Semifinals,Philadelphia 76ers,New York Knicks,4,0
1983,NBA,Western Conf Semifinals,Los Angeles Lakers,Portland Trail Blazers,4,1
1983,NBA,Western Conf Semifinals,San Antonio Spurs,Denver Nuggets,4,1
1983,NBA,Eastern Conf Finals,Philadelphia 76ers,Milwaukee Bucks,4,1
1983,NBA,Western Conf Finals,Los Angeles Lakers,San Antonio Spurs,4,2
1983,NBA,Finals,Philadelphia 76ers,Los Angeles Lakers,4,0
1982,NBA,Eastern Conf First Round,Philadelphia 76ers,Atlanta Hawks,2,0
1982,NBA,Eastern Conf First Round,Washington Bullets,New Jersey Nets,2,0
1982,NBA,Western Conf First Round,Phoenix Suns,Denver Nuggets,2,1
1982,NBA,Western Conf First Round,Seattle SuperSonics,Houston Rockets,2,1
1982,NBA,Eastern Conf Semifinals,Boston Celtics,Washington Bullets,4,1
1982,NBA,Eastern Conf Semifinals,Philadelphia 76ers,Milwaukee Bucks,4,2
1982,NBA,Western Conf Semifinals,Los Angeles Lakers,Phoenix Suns,4,0
1982,NBA,Western Conf Semifinals,San Antonio Spurs,Seattle SuperSonics,4,1
1982,NBA,Eastern Conf Finals,Philadelphia 76ers,Boston Celtics,4,3
1982,NBA,Western Conf Finals,Los Angeles Lakers,San Antonio Spurs,4,0
1982,NBA,Finals,Los Angeles Lakers,Philadelphia 76ers,4,2
1981,NBA,Eastern Conf First Round,Chicago Bulls,New York Knicks,2,0
1981,NBA,Eastern Conf First Round,Philadelphia 76ers,Indiana Pacers,2,0
1981,NBA,Western Conf First Round,Houston Rockets,Los Angeles Lakers,2,1
1981,NBA,Western Conf First Round,Kansas City Kings,Portland Trail Blazers,2,1
1981,NBA,Eastern Conf Semifinals,Boston Celtics,Chicago Bulls,4,0
1981,NBA,Eastern Conf Semifinals,Philadelphia 76ers,Milwaukee Bucks,4,3
1981,NBA,Western Conf Semifinals,Houston Rockets,San Antonio Spurs,4,3
1981,NBA,Western Conf Semifinals,Kansas City Kings,Phoenix Suns,4,3
1981,NBA,Eastern Conf Finals,Boston Celtics,Philadelphia 76ers,4,3
1981,NBA,Western Conf Finals,Houston Rockets,Kansas City Kings,4,1
1981,NBA,Finals,Boston Celtics,Houston Rockets,4,2
1980,NBA,Eastern Conf First Round,Houston Rockets,San Antonio Spurs,2,1
1980,NBA,Eastern Conf First Round,Philadelphia 76ers,Washington Bullets,2,0
1980,NBA,Western Conf First Round,Phoenix Suns,Kansas City Kings,2,1
1980,NBA,Western Conf First Round,Seattle SuperSonics,Portland Trail Blazers,2,1
1980,NBA,Eastern Conf Semifinals,Boston Celtics,Houston Rockets,4,0
1980,NBA,Eastern Conf Semifinals,Philadelphia 76ers,Atlanta Hawks,4,1
1980,NBA,Western Conf Semifinals,Los Angeles Lakers,Phoenix Suns,4,1
1980,NBA,Western Conf Semifinals,Seattle SuperSonics,Milwaukee Bucks,4,3
1980,NBA,Eastern Conf Finals,Philadelphia 76ers,Boston Celtics,4,1
1980,NBA,Western Conf Finals,Los Angeles Lakers,Seattle SuperSonics,4,1
1980,NBA,Finals,Los Angeles Lakers,Philadelphia 76ers,4,2
1979,NBA,Eastern Conf First Round,Atlanta Hawks,Houston Rockets,2,0
1979,NBA,Eastern Conf First Round,Philadelphia 76ers,New Jersey Nets,2,0
1979,NBA,Western Conf First Round,Los Angeles Lakers,Denver Nuggets,2,1
1979,NBA,Western Conf First Round,Phoenix Suns,Portland Trail Blazers,2,1
1979,NBA,Eastern Conf Semifinals,San Antonio Spurs,Philadelphia 76ers,4,3
1979,NBA,Eastern Conf Semifinals,Washington Bullets,Atlanta Hawks,4,3
1979,NBA,Western Conf Semifinals,Phoenix Suns,Kansas City Kings,4,1
1979,NBA,Western Conf Semifinals,Seattle SuperSonics,Los Angeles Lakers,4,1
1979,NBA,Eastern Conf Finals,Washington Bullets,San Antonio Spurs,4,3
1979,NBA,Western Conf Finals,Seattle SuperSonics,Phoenix Suns,4,3
1979,NBA,Finals,Seattle SuperSonics,Washington Bullets,4,1
1978,NBA,Eastern Conf First Round,New York Knicks,Cleveland Cavaliers,2,0
1978,NBA,Eastern Conf First Round,Washington Bullets,Atlanta Hawks,2,0
1978,NBA,Western Conf First Round,Milwaukee Bucks,Phoenix Suns,2,0
1978,NBA,Western Conf First Round,Seattle SuperSonics,Los Angeles Lakers,2,1
1978,NBA,Eastern Conf Semifinals,Philadelphia 76ers,New York Knicks,4,0
1978,NBA,Eastern Conf Semifinals,Washington Bullets,San Antonio Spurs,4,2
1978,NBA,Western Conf Semifinals,Denver Nuggets,Milwaukee Bucks,4,3
1978,NBA,Western Conf Semifinals,Seattle SuperSonics,Portland Trail Blazers,4,2
1978,NBA,Eastern Conf Finals,Washington Bullets,Philadelphia 76ers,4,2
1978,NBA,Western Conf Finals,Seattle SuperSonics,Denver Nuggets,4,2
1978,NBA,Finals,Washington Bullets,Seattle SuperSonics,4,3
1977,NBA,Eastern Conf First Round,Boston Celtics,San Antonio Spurs,2,0
1977,NBA,Eastern Conf First Round,Washington Bullets,Cleveland Cavaliers,2,1
1977,NBA,Western Conf First Round,Golden State Warriors,Detroit Pistons,2,1
1977,NBA,Western Conf First Round,Portland Trail Blazers,Chicago Bulls,2,1
1977,NBA,Eastern Conf Semifinals,Houston Rockets,Washington Bullets,4,2
1977,NBA,Eastern Conf Semifinals,Philadelphia 76ers,Boston Celtics,4,3
1977,NBA,Western Conf Semifinals,Los Angeles Lakers,Golden State Warriors,4,3
1977,NBA,Western Conf Semifinals,Portland Trail Blazers,Denver Nuggets,4,2
1977,NBA,Eastern Conf Finals,Philadelphia 76ers,Houston Rockets,4,2
1977,NBA,Western Conf Finals,Portland Trail Blazers,Los Angeles Lakers,4,0
1977,NBA,Finals,Portland Trail Blazers,Philadelphia 76ers,4,2
1976,NBA,Eastern Conf First Round,Buffalo Braves,Philadelphia 76ers,2,1
1976,NBA,Western Conf First Round,Detroit Pistons,Milwaukee Bucks,2,1
1976,NBA,Eastern Conf Semifinals,Boston Celtics,Buffalo Braves,4,2
1976,NBA,Eastern Conf Semifinals,Cleveland Cavaliers,Washington Bullets,4,3
1976,NBA,Western Conf Semifinals,Golden State Warriors,Detroit Pistons,4,2
1976,NBA,Western Conf Semifinals,Phoenix Suns,Seattle SuperSonics,4,2
1976,NBA,Eastern Conf Finals,Boston Celtics,Cleveland Cavaliers,4,2
1976,NBA,Western Conf Finals,Phoenix Suns,Golden State Warriors,4,3
1976,NBA,Finals,Boston Celtics,Phoenix Suns,4,2
1976,ABA,First Round,Kentucky Colonels,Indiana Pacers,2,1
1976,ABA,Semifinals,Denver Nuggets,Kentucky Colonels,4,3
1976,ABA,Semifinals,New York Nets,San Antonio Spurs,4,3
1976,ABA,Finals,New York Nets,Denver Nuggets,4,2
1975,NBA,Eastern Conf First Round,Houston Rockets,New York Knicks,2,1
1975,NBA,Western Conf First Round,Seattle SuperSonics,Detroit Pistons,2,1
1975,NBA,Eastern Conf Semifinals,Boston Celtics,Houston Rockets,4,1
1975,NBA,Eastern Conf Semifinals,Washington Bullets,Buffalo Braves,4,3
1975,NBA,Western Conf Semifinals,Chicago Bulls,Kansas City-Omaha Kings,4,2
1975,NBA,Western Conf Semifinals,Golden State Warriors,Seattle SuperSonics,4,2
1975,NBA,Eastern Conf Finals,Washington Bullets,Boston Celtics,4,2
1975,NBA,Western Conf Finals,Golden State Warriors,Chicago Bulls,4,3
1975,NBA,Finals,Golden State Warriors,Washington Bullets,4,0
1975,ABA,Eastern Div Tiebreak,Kentucky Colonels,New York Nets,1,0
1975,ABA,Eastern Div Semifinals,Kentucky Colonels,Memphis Sounds,4,1
1975,ABA,Eastern Div Semifinals,Spirits of St. Louis,New York Nets,4,1
1975,ABA,Western Div Semifinals,Denver Nuggets,Utah Stars,4,2
1975,ABA,Western Div Semifinals,Indiana Pacers,San Antonio Spurs,4,2
1975,ABA,Eastern Div Finals,Kentucky Colonels,Spirits of St. Louis,4,1
1975,ABA,Western Div Finals,Indiana Pacers,Denver Nuggets,4,3
1975,ABA,Finals,Kentucky Colonels,Indiana Pacers,4,1
1974,NBA,Eastern Conf Semifinals,Boston Celtics,Buffalo Braves,4,2
1974,NBA,Eastern Conf Semifinals,New York Knicks,Capital Bullets,4,3
1974,NBA,Western Conf Semifinals,Chicago Bulls,Detroit Pistons,4,3
1974,NBA,Western Conf Semifinals,Milwaukee Bucks,Los Angeles Lakers,4,1
1974,NBA,Eastern Conf Finals,Boston Celtics,New York Knicks,4,1
1974,NBA,Western Conf Finals,Milwaukee Bucks,Chicago Bulls,4,0
1974,NBA,Finals,Boston Celtics,Milwaukee Bucks,4,3
1974,ABA,Western Div Tiebreak,San Diego Conquistadors,Denver Rockets,1,0
1974,ABA,Eastern Div Semifinals,Kentucky Colonels,Carolina Cougars,4,0
1974,ABA,Eastern Div Semifinals,New York Nets,Virginia Squires,4,1
1974,ABA,Western Div Semifinals,Indiana Pacers,San Antonio Spurs,4,3
1974,ABA,Western Div Semifinals,Utah Stars,San Diego Conquistadors,4,2
1974,ABA,Eastern Div Finals,New York Nets,Kentucky Colonels,4,0
1974,ABA,Western Div Finals,Utah Stars,Indiana Pacers,4,3
1974,ABA,Finals,New York Nets,Utah Stars,4,1
1973,NBA,Eastern Conf Semifinals,Boston Celtics,Atlanta Hawks,4,2
1973,NBA,Eastern Conf Semifinals,New York Knicks,Baltimore Bullets,4,1
1973,NBA,Western Conf Semifinals,Golden State Warriors,Milwaukee Bucks,4,2
1973,NBA,Western Conf Semifinals,Los Angeles Lakers,Chicago Bulls,4,3
1973,NBA,Eastern Conf Finals,New York Knicks,Boston Celtics,4,3
1973,NBA,Western Conf Finals,Los Angeles Lakers,Golden State Warriors,4,1
1973,NBA,Finals,New York Knicks,Los Angeles Lakers,4,1
1973,ABA,Eastern Div Semifinals,Carolina Cougars,New York Nets,4,1
1973,ABA,Eastern Div Semifinals,Kentucky Colonels,Virginia Squires,4,1
1973,ABA,Western Div Semifinals,Indiana Pacers,Denver Rockets,4,1
1973,ABA,Western Div Semifinals,Utah Stars,San Diego Conquistadors,4,0
1973,ABA,Eastern Div Finals,Kentucky Colonels,Carolina Cougars,4,3
1973,ABA,Western Div Finals,Indiana Pacers,Utah Stars,4,2
1973,ABA,Finals,Indiana Pacers,Kentucky Colonels,4,3
1972,NBA,Eastern Conf Semifinals,Boston Celtics,Atlanta Hawks,4,2
1972,NBA,Eastern Conf Semifinals,New York Knicks,Baltimore Bullets,4,2
1972,NBA,Western Conf Semifinals,Los Angeles Lakers,Chicago Bulls,4,0
1972,NBA,Western Conf Semifinals,Milwaukee Bucks,Golden State Warriors,4,1
1972,NBA,Eastern Conf Finals,New York Knicks,Boston Celtics,4,1
1972,NBA,Western Conf Finals,Los Angeles Lakers,Milwaukee Bucks,4,2
1972,NBA,Finals,Los Angeles Lakers,New York Knicks,4,1
1972,ABA,Eastern Div Semifinals,New York Nets,Kentucky Colonels,4,2
1972,ABA,Eastern Div Semifinals,Virginia Squires,The Floridians,4,0
1972,ABA,Western Div Semifinals,Indiana Pacers,Denver Rockets,4,3
1972,ABA,Western Div Semifinals,Utah Stars,Dallas Chaparrals,4,0
1972,ABA,Eastern Div Finals,New York Nets,Virginia Squires,4,3
1972,ABA,Western Div Finals,Indiana Pacers,Utah Stars,4,3
1972,ABA,Finals,Indiana Pacers,New York Nets,4,2
1971,NBA,Eastern Conf Semifinals,Baltimore Bullets,Philadelphia 76ers,4,3
1971,NBA,Eastern Conf Semifinals,New York Knicks,Atlanta Hawks,4,1
1971,NBA,Western Conf Semifinals,Los Angeles Lakers,Chicago Bulls,4,3
1971,NBA,Western Conf Semifinals,Milwaukee Bucks,San Francisco Warriors,4,1
1971,NBA,Eastern Conf Finals,Baltimore Bullets,New York Knicks,4,3
1971,NBA,Western Conf Finals,Milwaukee Bucks,Los Angeles Lakers,4,1
1971,NBA,Finals,Milwaukee Bucks,Baltimore Bullets,4,0
1971,ABA,Western Div Tiebreak,Texas Chaparrals,Denver Rockets,1,0
1971,ABA,Eastern Div Semifinals,Kentucky Colonels,The Floridians,4,2
1971,ABA,Eastern Div Semifinals,Virginia Squires,New York Nets,4,2
1971,ABA,Western Div Semifinals,Indiana Pacers,Memphis Pros,4,0
1971,ABA,Western Div Semifinals,Utah Stars,Texas Chaparrals,4,0
1971,ABA,Eastern Div Finals,Kentucky Colonels,Virginia Squires,4,2
1971,ABA,Western Div Finals,Utah Stars,Indiana Pacers,4,3
1971,ABA,Finals,Utah Stars,Kentucky Colonels,4,3
1970,NBA,Eastern Div Semifinals,Milwaukee Bucks,Philadelphia 76ers,4,1
1970,NBA,Eastern Div Semifinals,New York Knicks,Baltimore Bullets,4,3
1970,NBA,Western Div Semifinals,Atlanta Hawks,Chicago Bulls,4,1
1970,NBA,Western Div Semifinals,Los Angeles Lakers,Phoenix Suns,4,3
1970,NBA,Eastern Div Finals,New York Knicks,Milwaukee Bucks,4,1
1970,NBA,Western Div Finals,Los Angeles Lakers,Atlanta Hawks,4,0
1970,NBA,Finals,New York Knicks,Los Angeles Lakers,4,3
1970,ABA,Eastern Div Semifinals,Indiana Pacers,Carolina Cougars,4,0
1970,ABA,Eastern Div Semifinals,Kentucky Colonels,New York Nets,4,3
1970,ABA,Western Div Semifinals,Denver Rockets,Washington Capitols,4,3
1970,ABA,Western Div Semifinals,Los Angeles Stars,Dallas Chaparrals,4,2
1970,ABA,Eastern Div Finals,Indiana Pacers,Kentucky Colonels,4,1
1970,ABA,Western Div Finals,Los Angeles Stars,Denver Rockets,4,1
1970,ABA,Finals,Indiana Pacers,Los Angeles Stars,4,2
1969,NBA,Eastern Div Semifinals,Boston Celtics,Philadelphia 76ers,4,1
1969,NBA,Eastern Div Semifinals,New York Knicks,Baltimore Bullets,4,0
1969,NBA,Western Div Semifinals,Atlanta Hawks,San Diego Rockets,4,2
1969,NBA,Western Div Semifinals,Los Angeles Lakers,San Francisco Warriors,4,2
1969,NBA,Eastern Div Finals,Boston Celtics,New York Knicks,4,2
1969,NBA,Western Div Finals,Los Angeles Lakers,Atlanta Hawks,4,1
1969,NBA,Finals,Boston Celtics,Los Angeles Lakers,4,3
1969,ABA,Eastern Div Semifinals,Indiana Pacers,Kentucky Colonels,4,3
1969,ABA,Eastern Div Semifinals,Miami Floridians,Minnesota Pipers,4,3
1969,ABA,Western Div Semifinals,New Orleans Buccaneers,Dallas Chaparrals,4,3
1969,ABA,Western Div Semifinals,Oakland Oaks,Denver Rockets,4,3
1969,ABA,Eastern Div Finals,Indiana Pacers,Miami Floridians,4,1
1969,ABA,Western Div Finals,Oakland Oaks,New Orleans Buccaneers,4,0
1969,ABA,Finals,Oakland Oaks,Indiana Pacers,4,1
1968,NBA,Eastern Div Semifinals,Boston Celtics,Detroit Pistons,4,2
1968,NBA,Eastern Div Semifinals,Philadelphia 76ers,New York Knicks,4,2
1968,NBA,Western Div Semifinals,Los Angeles Lakers,Chicago Bulls,4,1
1968,NBA,Western Div Semifinals,San Francisco Warriors,St. Louis Hawks,4,2
1968,NBA,Eastern Div Finals,Boston Celtics,Philadelphia 76ers,4,3
1968,NBA,Western Div Finals,Los Angeles Lakers,San Francisco Warriors,4,0
1968,NBA,Finals,Boston Celtics,Los Angeles Lakers,4,2
1968,ABA,Eastern Div Semifinals,Minnesota Muskies,Kentucky Colonels,3,2
1968,ABA,Eastern Div Semifinals,Pittsburgh Pipers,Indiana Pacers,3,0
1968,ABA,Western Div Semifinals,Dallas Chaparrals,Houston Mavericks,3,0
1968,ABA,Western Div Semifinals,New Orleans Buccaneers,Denver Rockets,3,2
1968,ABA,Eastern Div Finals,Pittsburgh Pipers,Minnesota Muskies,4,1
1968,ABA,Western Div Finals,New Orleans Buccaneers,Dallas Chaparrals,4,1
1968,ABA,Finals,Pittsburgh Pipers,New Orleans Buccaneers,4,3
1967,NBA,Eastern Div Semifinals,Boston Celtics,New York Knicks,3,1
1967,NBA,Eastern Div Semifinals,Philadelphia 76ers,Cincinnati Royals,3,1
1967,NBA,Western Div Semifinals,San Francisco Warriors,Los Angeles Lakers,3,0
1967,NBA,Western Div Semifinals,St. Louis Hawks,Chicago Bulls,3,0
1967,NBA,Eastern Div Finals,Philadelphia 76ers,Boston Celtics,4,1
1967,NBA,Western Div Finals,San Francisco Warriors,St. Louis Hawks,4,2
1967,NBA,Finals,Philadelphia 76ers,San Francisco Warriors,4,2
1966,NBA,Eastern Div Semifinals,Boston Celtics,Cincinnati Royals,3,2
1966,NBA,Western Div Semifinals,St. Louis Hawks,Baltimore Bullets,3,0
1966,NBA,Eastern Div Finals,Boston Celtics,Philadelphia 76ers,4,1
1966,NBA,Western Div Finals,Los Angeles Lakers,St. Louis Hawks,4,3
1966,NBA,Finals,Boston Celtics,Los Angeles Lakers,4,3
1965,NBA,Eastern Div Semifinals,Philadelphia 76ers,Cincinnati Royals,3,1
1965,NBA,Western Div Semifinals,Baltimore Bullets,St. Louis Hawks,3,1
1965,NBA,Eastern Div Finals,Boston Celtics,Philadelphia 76ers,4,3
1965,NBA,Western Div Finals,Los Angeles Lakers,Baltimore Bullets,4,2
1965,NBA,Finals,Boston Celtics,Los Angeles Lakers,4,1
1964,NBA,Eastern Div Semifinals,Cincinnati Royals,Philadelphia 76ers,3,2
1964,NBA,Western Div Semifinals,St. Louis Hawks,Los Angeles Lakers,3,2
1964,NBA,Eastern Div Finals,Boston Celtics,Cincinnati Royals,4,1
1964,NBA,Western Div Finals,San Francisco Warriors,St. Louis Hawks,4,3
1964,NBA,Finals,Boston Celtics,San Francisco Warriors,4,1
1963,NBA,Eastern Div Semifinals,Cincinnati Royals,Syracuse Nationals,3,2
1963,NBA,Western Div Semifinals,St. Louis Hawks,Detroit Pistons,3,1
1963,NBA,Eastern Div Finals,Boston Celtics,Cincinnati Royals,4,3
1963,NBA,Western Div Finals,Los Angeles Lakers,St. Louis Hawks,4,3
1963,NBA,Finals,Boston Celtics,Los Angeles Lakers,4,2
1962,NBA,Eastern Div Semifinals,Philadelphia Warriors,Syracuse Nationals,3,2
1962,NBA,Western Div Semifinals,Detroit Pistons,Cincinnati Royals,3,1
1962,NBA,Eastern Div Finals,Boston Celtics,Philadelphia Warriors,4,3
1962,NBA,Western Div Finals,Los Angeles Lakers,Detroit Pistons,4,2
1962,NBA,Finals,Boston Celtics,Los Angeles Lakers,4,3
1961,NBA,Eastern Div Semifinals,Syracuse Nationals,Philadelphia Warriors,3,0
1961,NBA,Western Div Semifinals,Los Angeles Lakers,Detroit Pistons,3,2
1961,NBA,Eastern Div Finals,Boston Celtics,Syracuse Nationals,4,1
1961,NBA,Western Div Finals,St. Louis Hawks,Los Angeles Lakers,4,3
1961,NBA,Finals,Boston Celtics,St. Louis Hawks,4,1
1960,NBA,Eastern Div Semifinals,Philadelphia Warriors,Syracuse Nationals,2,1
1960,NBA,Western Div Semifinals,Minneapolis Lakers,Detroit Pistons,2,0
1960,NBA,Eastern Div Finals,Boston Celtics,Philadelphia Warriors,4,2
1960,NBA,Western Div Finals,St. Louis Hawks,Minneapolis Lakers,4,3
1960,NBA,Finals,Boston Celtics,St. Louis Hawks,4,3
1959,NBA,Eastern Div Semifinals,Syracuse Nationals,New York Knicks,2,0
1959,NBA,Western Div Semifinals,Minneapolis Lakers,Detroit Pistons,2,1
1959,NBA,Eastern Div Finals,Boston Celtics,Syracuse Nationals,4,3
1959,NBA,Western Div Finals,Minneapolis Lakers,St. Louis Hawks,4,2
1959,NBA,Finals,Boston Celtics,Minneapolis Lakers,4,0
1958,NBA,Eastern Div Semifinals,Philadelphia Warriors,Syracuse Nationals,2,1
1958,NBA,Western Div Semifinals,Detroit Pistons,Cincinnati Royals,2,0
1958,NBA,Eastern Div Finals,Boston Celtics,Philadelphia Warriors,4,1
1958,NBA,Western Div Finals,St. Louis Hawks,Detroit Pistons,4,1
1958,NBA,Finals,St. Louis Hawks,Boston Celtics,4,2
1957,NBA,Western Div Tiebreak,St. Louis Hawks,Fort Wayne Pistons,1,0
1957,NBA,Western Div Tiebreak,St. Louis Hawks,Minneapolis Lakers,1,0
1957,NBA,Eastern Div Semifinals,Syracuse Nationals,Philadelphia Warriors,2,0
1957,NBA,Western Div Semifinals,Minneapolis Lakers,Fort Wayne Pistons,2,0
1957,NBA,Eastern Div Finals,Boston Celtics,Syracuse Nationals,3,0
1957,NBA,Western Div Finals,St. Louis Hawks,Minneapolis Lakers,3,0
1957,NBA,Finals,Boston Celtics,St. Louis Hawks,4,3
1956,NBA,Eastern Div 3rd Place Tiebreak,Syracuse Nationals,New York Knicks,1,0
1956,NBA,Western Div 2nd Place Tiebreak,Minneapolis Lakers,St. Louis Hawks,1,0
1956,NBA,Eastern Div Semifinals,Syracuse Nationals,Boston Celtics,2,1
1956,NBA,Western Div Semifinals,St. Louis Hawks,Minneapolis Lakers,2,1
1956,NBA,Eastern Div Finals,Philadelphia Warriors,Syracuse Nationals,3,2
1956,NBA,Western Div Finals,Fort Wayne Pistons,St. Louis Hawks,3,2
1956,NBA,Finals,Philadelphia Warriors,Fort Wayne Pistons,4,1
1955,NBA,Eastern Div Semifinals,Boston Celtics,New York Knicks,2,1
1955,NBA,Western Div Semifinals,Minneapolis Lakers,Rochester Royals,2,1
1955,NBA,Eastern Div Finals,Syracuse Nationals,Boston Celtics,3,1
1955,NBA,Western Div Finals,Fort Wayne Pistons,Minneapolis Lakers,3,1
1955,NBA,Finals,Syracuse Nationals,Fort Wayne Pistons,4,3
1954,NBA,Eastern Div Finals,Syracuse Nationals,Boston Celtics,2,0
1954,NBA,Western Div Finals,Minneapolis Lakers,Rochester Royals,2,1
1954,NBA,Finals,Minneapolis Lakers,Syracuse Nationals,4,3
1953,NBA,Eastern Div Semifinals,Boston Celtics,Syracuse Nationals,2,0
1953,NBA,Eastern Div Semifinals,New York Knicks,Baltimore Bullets,2,0
1953,NBA,Western Div Semifinals,Fort Wayne Pistons,Rochester Royals,2,1
1953,NBA,Western Div Semifinals,Minneapolis Lakers,Indianapolis Olympians,2,0
1953,NBA,Eastern Div Finals,New York Knicks,Boston Celtics,3,1
1953,NBA,Western Div Finals,Minneapolis Lakers,Fort Wayne Pistons,3,2
1953,NBA,Finals,Minneapolis Lakers,New York Knicks,4,1
1952,NBA,Eastern Div Semifinals,New York Knicks,Boston Celtics,2,1
1952,NBA,Eastern Div Semifinals,Syracuse Nationals,Philadelphia Warriors,2,1
1952,NBA,Western Div Semifinals,Minneapolis Lakers,Indianapolis Olympians,2,0
1952,NBA,Western Div Semifinals,Rochester Royals,Fort Wayne Pistons,2,0
1952,NBA,Eastern Div Finals,New York Knicks,Syracuse Nationals,3,1
1952,NBA,Western Div Finals,Minneapolis Lakers,Rochester Royals,3,1
1952,NBA,Finals,Minneapolis Lakers,New York Knicks,4,3
1951,NBA,Eastern Div Semifinals,New York Knicks,Boston Celtics,2,0
1951,NBA,Eastern Div Semifinals,Syracuse Nationals,Philadelphia Warriors,2,0
1951,NBA,Western Div Semifinals,Minneapolis Lakers,Indianapolis Olympians,2,1
1951,NBA,Western Div Semifinals,Rochester Royals,Fort Wayne Pistons,2,1
1951,NBA,Eastern Div Finals,New York Knicks,Syracuse Nationals,3,2
1951,NBA,Western Div Finals,Rochester Royals,Minneapolis Lakers,3,1
1951,NBA,Finals,Rochester Royals,New York Knicks,4,3
1950,NBA,Central Div 1st Place Tiebreak,Minneapolis Lakers,Rochester Royals,1,0
1950,NBA,Central Div 3rd Place Tiebreak,Fort Wayne Pistons,Chicago Stags,1,0
1950,NBA,Central Div Semifinals,Fort Wayne Pistons,Rochester Royals,2,0
1950,NBA,Central Div Semifinals,Minneapolis Lakers,Chicago Stags,2,0
1950,NBA,Eastern Div Semifinals,New York Knicks,Washington Capitols,2,0
1950,NBA,Eastern Div Semifinals,Syracuse Nationals,Philadelphia Warriors,2,0
1950,NBA,Western Div Semifinals,Anderson Packers,Tri-Cities Blackhawks,2,1
1950,NBA,Western Div Semifinals,Indianapolis Olympians,Sheboygan Red Skins,2,1
1950,NBA,Central Div Finals,Minneapolis Lakers,Fort Wayne Pistons,2,0
1950,NBA,Eastern Div Finals,Syracuse Nationals,New York Knicks,2,1
1950,NBA,Western Div Finals,Anderson Packers,Indianapolis Olympians,2,1
1950,NBA,Semifinals,Minneapolis Lakers,Anderson Packers,2,0
1950,NBA,Finals,Minneapolis Lakers,Syracuse Nationals,4,2
1949,BAA,Eastern Div Semifinals,New York Knicks,Baltimore Bullets,2,1
1949,BAA,Eastern Div Semifinals,Washington Capitols,Philadelphia Warriors,2,0
1949,BAA,Western Div Semifinals,Minneapolis Lakers,Chicago Stags,2,0
1949,BAA,Western Div Semifinals,Rochester Royals,St. Louis Bombers,2,0
1949,BAA,Eastern Div Finals,Washington Capitols,New York Knicks,2,1
1949,BAA,Western Div Finals,Minneapolis Lakers,Rochester Royals,2,0
1949,BAA,Finals,Minneapolis Lakers,Washington Capitols,4,2
1948,BAA,Western Div Tiebreak,Baltimore Bullets,Chicago Stags,1,0
1948,BAA,Western Div Tiebreak,Chicago Stags,Washington Capitols,1,0
1948,BAA,Quarterfinals,Baltimore Bullets,New York Knicks,2,1
1948,BAA,Quarterfinals,Chicago Stags,Boston Celtics,2,1
1948,BAA,Semifinals,Baltimore Bullets,Chicago Stags,2,0
1948,BAA,Semifinals,Philadelphia Warriors,St. Louis Bombers,4,3
1948,BAA,Finals,Baltimore Bullets,Philadelphia Warriors,4,2
1947,BAA,Quarterfinals,New York Knicks,Cleveland Rebels,2,1
1947,BAA,Quarterfinals,Philadelphia Warriors,St. Louis Bombers,2,1
1947,BAA,Semifinals,Chicago Stags,Washington Capitols,4,2
1947,BAA,Semifinals,Philadelphia Warriors,New York Knicks,2,0
1947,BAA,Finals,Philadelphia Warriors,Chicago Stags,4,1
